poolId,dex,version,token0,token1,quoteAsset,quoteSymbol,fee,tickSpacing,hooks,canonical,creationBlock,creationTransaction,activeLiquidity,sqrtPriceX96,tick,onchainConditionalUSDG,dexUSD,geckoUSD,dexAbsoluteDifference,dexPercentDifference,geckoAbsoluteDifference,geckoPercentDifference,dexReportedLiquidity,geckoReportedLiquidity
0x144b63eb5cf32f8c3aa1acd364e3cf7195188eb40eefefe5a403606f8a62ef51,Uniswap,4,0x0Bd7D308f8E1639FAb988df18A8011f41EAcAD73,0x214F50E2f3bDE5B83a13344BF6221Bf0E0159925,0x0Bd7D308f8E1639FAb988df18A8011f41EAcAD73,WETH,3000,60,0xF983F7CAC7Eb345eebf7c8B2886c1E4ef55b0A80,true,79357294,0x41496b46c1abcfa0c0f90a7a29b23641a77734d53f6492c0905e44d4c66ddb66,1143957082598249835455122,1569174788415780139855164777509566,197884,0.000006881645673955785,0.000006882,0.000008413321545,3.5432604421569797e-10,0.005148856262051927,0.0000015316758710442146,22.257406783394583,276549.8,129186.2524
0xa45cc007913122568c6216ac1a1e65dca96a26adbfd3b97bb6fcb0cc2760df58,Uniswap,4,0x214F50E2f3bDE5B83a13344BF6221Bf0E0159925,0x5fc5360D0400a0Fd4f2af552ADD042D716F1d168,0x5fc5360D0400a0Fd4f2af552ADD042D716F1d168,USDG,200000,2000,0x0000000000000000000000000000000000000000,true,79486753,0xc9464f0c3335be971eeb8c9272774e30aee4ae30498bfe5dae7bc75cbf0f844d,2817676069730893893,15057811483893511943,-447697,3.61213974605922e-8,3.612e-8,3.61380558e-8,1.3974605921962528e-12,0.003868788835539537,1.6658339407798932e-11,0.04611764931291178,424.73,725644.055
0x518fd976596f05e0b8d46dc53f0c0e1bb57a7f582e76b0ed6668039b060baba6,Uniswap,4,0x214F50E2f3bDE5B83a13344BF6221Bf0E0159925,0x5fc5360D0400a0Fd4f2af552ADD042D716F1d168,0x5fc5360D0400a0Fd4f2af552ADD042D716F1d168,USDG,500000,5000,0x0000000000000000000000000000000000000000,true,79411043,0xc798147309b814222fc8d2ef2112e22496c412034e58a1e29439cd893054f7d8,10584409638807476,10148401413034114478,-455589,1.6407261755767678e-8,1.64e-8,1.639793467e-8,7.261755767676853e-12,0.04425940096386963,9.327085767679597e-12,0.05684730277677705,2.71,1430.0732
0x58395820d7495bee52bc9f367bf80a6b8f0d53c1111a7d623ac44062d4431cae,Uniswap,4,0x214F50E2f3bDE5B83a13344BF6221Bf0E0159925,0x5fc5360D0400a0Fd4f2af552ADD042D716F1d168,0x5fc5360D0400a0Fd4f2af552ADD042D716F1d168,USDG,801000,8010,0x0000000000000000000000000000000000000000,true,79365859,0x96d85979210845d95618ed7b335da641dc14326ac24820366f0540b80a222dd3,25001897745570871,14341995984146094103,-448671,3.276876136158268e-8,3.276e-8,3.277798706e-8,8.76136158268534e-12,0.02673693242783645,9.225698417316718e-12,0.028153943066437377,16.89,1394.4429
0x52d6b55dc3108f3f996f11f22a7e99d96270b96cd10b99beb6959b64b6b85bc7,Uniswap,4,0x214F50E2f3bDE5B83a13344BF6221Bf0E0159925,0x5fc5360D0400a0Fd4f2af552ADD042D716F1d168,0x5fc5360D0400a0Fd4f2af552ADD042D716F1d168,USDG,895000,60,0x0000000000000000000000000000000000000000,true,79409639,0x04c0e00e83e8f46e389927d058f419ed4a6d6aad0d5c118779fceaf4721e350c,4843941304452473,19975549373155106275,-442044,6.356796330221927e-8,6.356e-8,6.358352023e-8,7.96330221927167e-12,0.012527225674058458,1.5556927780739422e-11,0.02447290580441847,1.78,276.9451
0x936f0187df56131d071daf67c7e3f640d4c5fe78d05629f1ec831df9f24d89ad,Uniswap,4,0x0Bd7D308f8E1639FAb988df18A8011f41EAcAD73,0x214F50E2f3bDE5B83a13344BF6221Bf0E0159925,0x0Bd7D308f8E1639FAb988df18A8011f41EAcAD73,WETH,3000,60,0x0000000000000000000000000000000000000000,true,79357182,0x0a63210d2782500a7c5434931c990faee5aa44ebea2017f07884bbb5bfbf6484,1143958226556476391,6914363203586799994795164505215866,227546,3.544300807379564e-7,3.544e-7,0.000004663422874,3.008073795639193e-11,0.008487072511949616,0.000004308992793262043,1215.752563746937,0.03,0.2699
0xbea69650116d64f5fabffba4bee5df0ba0e7b3cfaa8e3925a28da87434cf75f0,Uniswap,4,0x214F50E2f3bDE5B83a13344BF6221Bf0E0159925,0x5fc5360D0400a0Fd4f2af552ADD042D716F1d168,0x5fc5360D0400a0Fd4f2af552ADD042D716F1d168,USDG,850000,60,0x0000000000000000000000000000000000000000,true,79467058,0x5dfce471fda3620f67b1369d0e8145993375546f57e7e79638fd785d2dbf7483,26282122398204,21038382590364709628,-441008,7.051240535474532e-8,7.051e-8,7.040626942e-8,2.4053547453151042e-12,0.003411250450490028,1.0613593474531439e-10,0.15052093913311906,498.89,5.1286
0xfae74bd56303003f55cc33843431fa78a0b4ecb1504f03b035df03292b593c99,Uniswap,4,0x214F50E2f3bDE5B83a13344BF6221Bf0E0159925,0x5fc5360D0400a0Fd4f2af552ADD042D716F1d168,0x5fc5360D0400a0Fd4f2af552ADD042D716F1d168,USDG,550000,5500,0x0000000000000000000000000000000000000000,true,79559621,0x02d85114924cdc7f7852f3943656038e88a8b3e7c9c8fc24dc3a750facf58044,401844375950110776,11524561503217522741,-453045,2.1158732714607126e-8,2.115e-8,2.115148345e-8,8.732714607125633e-12,0.04127238963180873,7.249264607125072e-12,0.03426133646520557,191.19,532340.3016
0xaa6678e76c49b648877904788fc399d01ff5aec7789c9bc33b29789082d4ebd0,Uniswap,4,0x214F50E2f3bDE5B83a13344BF6221Bf0E0159925,0x5fc5360D0400a0Fd4f2af552ADD042D716F1d168,0x5fc5360D0400a0Fd4f2af552ADD042D716F1d168,USDG,700000,7000,0x0000000000000000000000000000000000000000,true,79432717,0xefeb37cc095b9a4dd1cc96155c1b238affeeb825934a57ada890abf18e3353fa,0,41997077730595842184,-427182,2.8098230875671136e-7,2.809e-7,2.809411271e-7,8.230875671138151e-11,0.02929321674221439,4.1181656711355713e-11,0.014656316582199083,863.47,0.0
0x745baa7cfa9cfb476db418621f3d704bdf91ea67e53271252cb75c662bd081bc,Uniswap,4,0x214F50E2f3bDE5B83a13344BF6221Bf0E0159925,0x5fc5360D0400a0Fd4f2af552ADD042D716F1d168,0x5fc5360D0400a0Fd4f2af552ADD042D716F1d168,USDG,951000,60,0x0000000000000000000000000000000000000000,true,79363517,0x1f707e7afa301e45f5ea0527e54d6cddb688e3008cf94a1918fea367056a508f,1288111003350598,13902993572881510533,-449293,3.0793388164781334e-8,3.079e-8,3.077506992e-8,3.3881647813343087e-12,0.01100289699595117,1.8318244781334323e-11,0.059487590918251274,21.6,1778.549
0x0c322d5539d75ebf7e57352943fbb9a96b4f0a32212a35489d18039fd785895c,Uniswap,4,0x214F50E2f3bDE5B83a13344BF6221Bf0E0159925,0x5fc5360D0400a0Fd4f2af552ADD042D716F1d168,0x5fc5360D0400a0Fd4f2af552ADD042D716F1d168,USDG,600000,6000,0x0000000000000000000000000000000000000000,true,79486074,0x862b244f2562cb2b0eb00c5dbcc9c287be110a31e0f2665c408db88eae1bdf60,0,32258709595146525965,-432458,1.6578102261391725e-7,1.657e-7,1.65669963e-7,8.10226139172375e-11,0.048873274298668536,1.1105961391724691e-10,0.06699175343844423,323.6,32474.6474
0xb82425dc0074fd77b4d5a5d920baeca5a7ec1dacadba82ad36b1f67b0a30b244,Uniswap,4,0x214F50E2f3bDE5B83a13344BF6221Bf0E0159925,0x5fc5360D0400a0Fd4f2af552ADD042D716F1d168,0x5fc5360D0400a0Fd4f2af552ADD042D716F1d168,USDG,920000,60,0x0000000000000000000000000000000000000000,true,79398376,0x948e901e271e328801620fb150e220e20bd02e28ada7210d0e69a7fac058786a,582720543250968,21162418482290983191,-440890,7.134629561520444e-8,7.134e-8,7.136638241e-8,6.295615204441697e-12,0.008824025340286978,2.0086794795555665e-11,0.028153942152639267,57.33,5975.374
0xa7485e5d32aa66226a78975403d5adb4163ffbc6a5602887bba1aba4da07ff4d,Uniswap,4,0x214F50E2f3bDE5B83a13344BF6221Bf0E0159925,0x5fc5360D0400a0Fd4f2af552ADD042D716F1d168,0x5fc5360D0400a0Fd4f2af552ADD042D716F1d168,USDG,790000,60,0x0000000000000000000000000000000000000000,true,79590542,0x4b431efe695e69b2ea2943d8f8b37d04c08b46155e73243c710916122eea46d6,7190000003908,7984652054587495205,-460385,1.0156704657727029e-8,1.015e-8,1.004859232e-8,6.704657727028925e-12,0.06601213634707935,1.0811233772702889e-10,1.064443058751138,229.82,197700.2033
0x9413e5f060a680e86c8b4c0ee69db36cbff3f370c4375c9ee82363437bf6c6f4,Uniswap,4,0x0000000000000000000000000000000000000000,0x214F50E2f3bDE5B83a13344BF6221Bf0E0159925,0x0000000000000000000000000000000000000000,ETH,100000,1000,0x0000000000000000000000000000000000000000,true,79564634,0x55f01c92e0294ca5d720342420e394abd62dd6a810d4be0c88e1ca4e1a93ba72,0,17249442459177655574073898193931001,245831,5.6948832715689036e-8,5.682e-8,,1.2883271568903406e-10,0.22622538434144496,,,260.21,
0x1f790083214add6579deaeed9aaa52add3e1098a8875d8f82af4d288d1f413aa,Uniswap,4,0x214F50E2f3bDE5B83a13344BF6221Bf0E0159925,0x5fc5360D0400a0Fd4f2af552ADD042D716F1d168,0x5fc5360D0400a0Fd4f2af552ADD042D716F1d168,USDG,900000,9000,0x0000000000000000000000000000000000000000,true,79402907,0x4c05f45336119f5f72a07884d5bafa1854aad64391a4ad0c50a7232dd022b969,344631446586428,25527357119430152402,-437139,1.0381319101924333e-7,1.038e-7,1.037471977e-7,1.3191019243324155e-11,0.012706496268743924,6.59933192433262e-11,0.06356930038986408,0.18,11.8768
0xe79b7e09a8f1ee183f32c9007d7fde14fdfa9aec7b4ad73204445acb5a85e316,Uniswap,4,0x214F50E2f3bDE5B83a13344BF6221Bf0E0159925,0x5fc5360D0400a0Fd4f2af552ADD042D716F1d168,0x5fc5360D0400a0Fd4f2af552ADD042D716F1d168,USDG,800000,60,0x0000000000000000000000000000000000000000,true,79554822,0x3902a2ed3214f885e519d7d2a026731dff8f17069bf88e2e88b881b64d3afd60,0,15881036392608345887,-446632,4.0178943648714705e-8,4.017e-8,4.021607529e-8,8.94364871470329e-12,0.022259541696510957,3.7131641285296935e-11,0.0924156732689132,468.46,0.0
0x4c02a8adb8f9cb4f4d3cd41606c89fceb2d5bb99d14f73ccf016e44b3e1438d0,Uniswap,4,0x214F50E2f3bDE5B83a13344BF6221Bf0E0159925,0x5fc5360D0400a0Fd4f2af552ADD042D716F1d168,0x5fc5360D0400a0Fd4f2af552ADD042D716F1d168,USDG,910000,9100,0x0000000000000000000000000000000000000000,true,79410395,0x7e99b5e31d96635d0efa6fbd1f394f6bbbf3916bafd8d2de66395c798e884100,0,169538180023709438200,-399271,0.000004579055063535795,0.000004579,0.000004574752964,5.506353579529626e-11,0.0012025087060817743,4.302099535795134e-9,0.09395168819990549,161.03,0.0
0xdeeba7c9dcae42612b77cd50a52328eaf1ff0c08e7e9b7f185e3b33f6a316ac0,Uniswap,4,0x214F50E2f3bDE5B83a13344BF6221Bf0E0159925,0x5fc5360D0400a0Fd4f2af552ADD042D716F1d168,0x5fc5360D0400a0Fd4f2af552ADD042D716F1d168,USDG,770000,7700,0x0000000000000000000000000000000000000000,true,79406803,0x246017fcc7a094bd7bc1660eab8008e41ad7fbfcffdca2fada59a9b14e1ff94d,0,66825836436597124291,-417892,7.114258464660262e-7,7.114e-7,7.114634904e-7,2.5846466026251697e-11,0.0036330513088107183,3.764393397375107e-11,0.005291336287646212,370.81,0.0
0x2950f08f6326a3e9bd7d31be0a895f61720974048d5284af2d2bdcadc11821e1,Uniswap,4,0x214F50E2f3bDE5B83a13344BF6221Bf0E0159925,0x5fc5360D0400a0Fd4f2af552ADD042D716F1d168,0x5fc5360D0400a0Fd4f2af552ADD042D716F1d168,USDG,940000,9400,0x0000000000000000000000000000000000000000,true,79470198,0xf3f1e508432958e7e08e56a0eedf821b10dbba23fb5d07e0410ab3fda909273e,0,93924396062169609216,-411083,0.0000014053925756708903,0.000001405,,3.925756708902116e-10,0.027933523891202308,,,52.06,
0x4758a195bf33dbe2d2e5ae627a2ac2d3445aa92c3e6bb594103756d58ada5e5e,Uniswap,4,0x214F50E2f3bDE5B83a13344BF6221Bf0E0159925,0x5fc5360D0400a0Fd4f2af552ADD042D716F1d168,0x5fc5360D0400a0Fd4f2af552ADD042D716F1d168,USDG,930000,9300,0x0000000000000000000000000000000000000000,true,79461363,0x82111e92f15d20b19171ca50960a027e940e78852635a0c47fe37bf8ded6e41d,0,81888132349584546858,-413826,0.0000010682742613363097,0.000001068,0.000001068263195,2.74261336309707e-10,0.025673307523728234,1.1066336309680807e-11,0.0010359077916786902,19.97,0.0
0x808b59f97fd9a0552e02f322f1e69698521295dfedd7831a90ba8d33bd4e8375,Uniswap,4,0x0000000000000000000000000000000000000000,0x214F50E2f3bDE5B83a13344BF6221Bf0E0159925,0x0000000000000000000000000000000000000000,ETH,650000,6500,0x0000000000000000000000000000000000000000,true,79605565,0x56a2c7c279394b5a3b9fe0acf1c221dec2a13bed5c17ca9bc62194c0e7319e05,0,22799762163346717107252669141102161,251411,3.259675122004042e-8,3.25e-8,,9.675122004041993e-11,0.2968124626509941,,,0.48,
0xd0c749add5f984d5234079e6c58cc32a6e2f49dd7ed808cc3b846317fa5b4eb8,Uniswap,4,0x214F50E2f3bDE5B83a13344BF6221Bf0E0159925,0x5fc5360D0400a0Fd4f2af552ADD042D716F1d168,0x5fc5360D0400a0Fd4f2af552ADD042D716F1d168,USDG,180000,1800,0x0000000000000000000000000000000000000000,true,79568842,0xc1b2bee065292a2681855d099ea81ac87edb4cfa7bff670eed7b7094eb5ca015,0,18879920826631479348,-443173,5.6785985865165377e-8,5.678e-8,,5.985865165373652e-12,0.01054109579005408,,,0.75,
0x393b6d6cc418198c01e120db8c227f0798186afeaf48016e3ffd6276d0dcc8bb,Uniswap,4,0x0000000000000000000000000000000000000000,0x214F50E2f3bDE5B83a13344BF6221Bf0E0159925,0x0000000000000000000000000000000000000000,ETH,2500,25,0x0000000000000000000000000000000000000000,true,79604396,0x63b863ba8eb909454da2504c785e8b9754dc9765d149deb701475235fc2a7c32,0,1461446703485210103287273052203988822378723970341,887271,7.933576015487557e-36,5.979e-24,0.0001050143506,5.978999999992066e-24,75363240842718.86,0.0001050143506,1.323669810372975e+33,,377.8978
0x019cbade447672f509efa45fa1e63eafb2052018c99acce94281fce9b0a10be0,Uniswap,4,0x214F50E2f3bDE5B83a13344BF6221Bf0E0159925,0x5fc5360D0400a0Fd4f2af552ADD042D716F1d168,0x5fc5360D0400a0Fd4f2af552ADD042D716F1d168,USDG,921000,9210,0x0000000000000000000000000000000000000000,true,79494697,0xe5f84aa57eb1d8cdd8fd9e947b7c7d4722bdc3a576b1aaab1478d7ff153489a5,0,51653285916073724757,-423043,4.250467904457665e-7,4.25e-7,4.248828231e-7,4.679044576650011e-11,0.011008304689803391,1.6396734576648568e-10,0.038576304880346336,21.06,0.0
0xac4fcb5fdb818fc712931d4a9a46c78e5a86b99842f47dfe831da80197d490e9,Uniswap,4,0x0000000000000000000000000000000000000000,0x214F50E2f3bDE5B83a13344BF6221Bf0E0159925,0x0000000000000000000000000000000000000000,ETH,200000,2000,0x0000000000000000000000000000000000000000,true,79556823,0xf8012f50ba4ac4d91f2da8c1d8d3bb5f25cc3598ac542a0f9d6824662cf736d6,0,8204542367127121777096340206748058,230968,2.517249291415005e-7,2.509e-7,,8.249291415005229e-10,0.32771054671220534,,,1.28,
0xdbc8c72fc724acf8d81f3d4e1a8572e44625e9aaf9182e6e2ed9a24cf134f12e,Uniswap,4,0x0000000000000000000000000000000000000000,0x214F50E2f3bDE5B83a13344BF6221Bf0E0159925,0x0000000000000000000000000000000000000000,ETH,600000,6000,0x0000000000000000000000000000000000000000,true,79614554,0xbf244a102b163686482595da53b5713dd213a64e3671689e490eafedd39707a1,0,21718358381173874136924820064089944,250439,3.592369171069689e-8,3.582e-8,,1.0369171069688938e-10,0.28864436186555237,,,0.37,