"observation","sampleIndex","randomSeed","token","symbol","canonicalProtocol","canonicalVersion","canonicalPool","direction","inputAsset","outputAsset","inputAmountAtomic","observedAt","identityStatus","providerRequestAttempted","provider","chainId","feeBps","feeToken","feeAtomic","slippagePpm","hardMaxPpm","simulation","indicativeStatus","expectedOutputAtomic","status","firmStatus","recipient","protectedOutput","transactionTarget","allowanceTarget","settler","targetHash","settlerHash","requestHash","providerRequestCount","providerHttpStatuses"
"1","0","5272840","0xf0821f2BF570ca4e7499a9Ed9dB7C788FED9946f","PEEP","uniswap","2","0xe70dd15481ba143f145fbe23e8916236d554d3c7","BUY","0x0000000000000000000000000000000000000000","0xf0821f2BF570ca4e7499a9Ed9dB7C788FED9946f","500000000000000","2026-09-09T03:25:55.843Z","IDENTITY_READY","true","zero-x-swap","4663","25","0x0000000000000000000000000000000000000000","1250000000000","9900","10000","NOT_REACHED_UNFUNDED_WALLET","indicative","57865603150828389705930","FIRM_VERIFIED","insufficient_balance","0x1111111111111111111111111111111111111111","57292733679635188641970","0x0000000000001fF3684f28c67538d4D072C22734","0x0000000000001fF3684f28c67538d4D072C22734","0x39b38686A19836Ac10162c490E4558e120CbBE5f","0x99f5e8edaceacfdd183eb5f1da8a7757b322495b80cf7928db289a1b1a09f799","0xb6c0bf3b83bc9ae4f6ed65a4f5f6c188eb3e4258d8d3b3705dff4ac02ed4a966","0xeb781ab60078e11d2a9603030ab330a878fe4d0b208628bd17870302fcf76f52","2","[200,200]"
"1","0","5272840","0xf0821f2BF570ca4e7499a9Ed9dB7C788FED9946f","PEEP","uniswap","2","0xe70dd15481ba143f145fbe23e8916236d554d3c7","SELL","0xf0821f2BF570ca4e7499a9Ed9dB7C788FED9946f","0x0000000000000000000000000000000000000000","57865603150828389705930","2026-09-09T03:25:57.961Z","IDENTITY_READY","true","zero-x-swap","4663","25","0xf0821f2BF570ca4e7499a9Ed9dB7C788FED9946f","144664007877070974265","9900","10000","NOT_REACHED_UNFUNDED_WALLET","indicative","492904631071920","FIRM_VERIFIED","insufficient_balance","0x1111111111111111111111111111111111111111","488017544594592","0x0000000000001fF3684f28c67538d4D072C22734","0x0000000000001fF3684f28c67538d4D072C22734","0x39b38686A19836Ac10162c490E4558e120CbBE5f","0x99f5e8edaceacfdd183eb5f1da8a7757b322495b80cf7928db289a1b1a09f799","0xb6c0bf3b83bc9ae4f6ed65a4f5f6c188eb3e4258d8d3b3705dff4ac02ed4a966","0x5437770151e59d169d5acd385c376b81892c34ff7b6a66004f979d08d8b0914d","2","[200,200]"
"1","0","5272840","0xf0821f2BF570ca4e7499a9Ed9dB7C788FED9946f","PEEP","uniswap","2","0xe70dd15481ba143f145fbe23e8916236d554d3c7","BUY","0x5fc5360D0400a0Fd4f2af552ADD042D716F1d168","0xf0821f2BF570ca4e7499a9Ed9dB7C788FED9946f","1000000","2026-09-09T03:25:59.579Z","IDENTITY_READY","true","zero-x-swap","4663","25","0x5fc5360D0400a0Fd4f2af552ADD042D716F1d168","2500","9900","10000","NOT_REACHED_UNFUNDED_WALLET","indicative","46489997394483976661991","FIRM_VERIFIED","insufficient_balance","0x1111111111111111111111111111111111111111","46034637062206588021501","0x0000000000001fF3684f28c67538d4D072C22734","0x0000000000001fF3684f28c67538d4D072C22734","0x39b38686A19836Ac10162c490E4558e120CbBE5f","0x99f5e8edaceacfdd183eb5f1da8a7757b322495b80cf7928db289a1b1a09f799","0xb6c0bf3b83bc9ae4f6ed65a4f5f6c188eb3e4258d8d3b3705dff4ac02ed4a966","0x22ff2961bc19e2ae8cc13ad14a4ce0deda0de08c5b7ccf19639d25fadfc541c0","2","[200,200]"
"1","0","5272840","0xf0821f2BF570ca4e7499a9Ed9dB7C788FED9946f","PEEP","uniswap","2","0xe70dd15481ba143f145fbe23e8916236d554d3c7","SELL","0xf0821f2BF570ca4e7499a9Ed9dB7C788FED9946f","0x5fc5360D0400a0Fd4f2af552ADD042D716F1d168","46489997394483976661991","2026-09-09T03:26:01.326Z","IDENTITY_READY","true","zero-x-swap","4663","25","0xf0821f2BF570ca4e7499a9Ed9dB7C788FED9946f","116224993486209941655","9900","10000","NOT_REACHED_UNFUNDED_WALLET","indicative","983332","FIRM_VERIFIED","insufficient_balance","0x1111111111111111111111111111111111111111","973630","0x0000000000001fF3684f28c67538d4D072C22734","0x0000000000001fF3684f28c67538d4D072C22734","0x39b38686A19836Ac10162c490E4558e120CbBE5f","0x99f5e8edaceacfdd183eb5f1da8a7757b322495b80cf7928db289a1b1a09f799","0xb6c0bf3b83bc9ae4f6ed65a4f5f6c188eb3e4258d8d3b3705dff4ac02ed4a966","0x0c8d1ad995a22a8f532920af045f6903650bb28806cf0b95e65cacd6e0e6d262","2","[200,200]"
"2","0","5272840","0xf0821f2BF570ca4e7499a9Ed9dB7C788FED9946f","PEEP","uniswap","2","0xe70dd15481ba143f145fbe23e8916236d554d3c7","BUY","0x0000000000000000000000000000000000000000","0xf0821f2BF570ca4e7499a9Ed9dB7C788FED9946f","500000000000000","2026-09-09T03:26:07.139Z","IDENTITY_READY","true","zero-x-swap","4663","25","0x0000000000000000000000000000000000000000","1250000000000","9900","10000","NOT_REACHED_UNFUNDED_WALLET","indicative","57865603150828389705930","FIRM_VERIFIED","insufficient_balance","0x1111111111111111111111111111111111111111","57292733679635188641970","0x0000000000001fF3684f28c67538d4D072C22734","0x0000000000001fF3684f28c67538d4D072C22734","0x39b38686A19836Ac10162c490E4558e120CbBE5f","0x99f5e8edaceacfdd183eb5f1da8a7757b322495b80cf7928db289a1b1a09f799","0xb6c0bf3b83bc9ae4f6ed65a4f5f6c188eb3e4258d8d3b3705dff4ac02ed4a966","0x08fa043a25723a5f9776670ebaee70eb14903438b4cb0e96628403f502586b59","2","[200,200]"
"2","0","5272840","0xf0821f2BF570ca4e7499a9Ed9dB7C788FED9946f","PEEP","uniswap","2","0xe70dd15481ba143f145fbe23e8916236d554d3c7","SELL","0xf0821f2BF570ca4e7499a9Ed9dB7C788FED9946f","0x0000000000000000000000000000000000000000","57865603150828389705930","2026-09-09T03:26:08.691Z","IDENTITY_READY","true","zero-x-swap","4663","25","0xf0821f2BF570ca4e7499a9Ed9dB7C788FED9946f","144664007877070974265","9900","10000","NOT_REACHED_UNFUNDED_WALLET","indicative","492904631071920","FIRM_VERIFIED","insufficient_balance","0x1111111111111111111111111111111111111111","488017544594592","0x0000000000001fF3684f28c67538d4D072C22734","0x0000000000001fF3684f28c67538d4D072C22734","0x39b38686A19836Ac10162c490E4558e120CbBE5f","0x99f5e8edaceacfdd183eb5f1da8a7757b322495b80cf7928db289a1b1a09f799","0xb6c0bf3b83bc9ae4f6ed65a4f5f6c188eb3e4258d8d3b3705dff4ac02ed4a966","0xd9ee778f1996246c26c06e82f63fc808e397f796b64d1bbcbec20623dee24681","2","[200,200]"
"2","0","5272840","0xf0821f2BF570ca4e7499a9Ed9dB7C788FED9946f","PEEP","uniswap","2","0xe70dd15481ba143f145fbe23e8916236d554d3c7","BUY","0x5fc5360D0400a0Fd4f2af552ADD042D716F1d168","0xf0821f2BF570ca4e7499a9Ed9dB7C788FED9946f","1000000","2026-09-09T03:26:10.272Z","IDENTITY_READY","true","zero-x-swap","4663","25","0x5fc5360D0400a0Fd4f2af552ADD042D716F1d168","2500","9900","10000","NOT_REACHED_UNFUNDED_WALLET","indicative","46489215466857703136024","FIRM_VERIFIED","insufficient_balance","0x1111111111111111111111111111111111111111","46028972233735811869013","0x0000000000001fF3684f28c67538d4D072C22734","0x0000000000001fF3684f28c67538d4D072C22734","0x39b38686A19836Ac10162c490E4558e120CbBE5f","0x99f5e8edaceacfdd183eb5f1da8a7757b322495b80cf7928db289a1b1a09f799","0xb6c0bf3b83bc9ae4f6ed65a4f5f6c188eb3e4258d8d3b3705dff4ac02ed4a966","0xf882331665ea6b4305d14d2f1ede06d23ef2f175c1ca22ca1c9d640213d40747","2","[200,200]"
"2","0","5272840","0xf0821f2BF570ca4e7499a9Ed9dB7C788FED9946f","PEEP","uniswap","2","0xe70dd15481ba143f145fbe23e8916236d554d3c7","SELL","0xf0821f2BF570ca4e7499a9Ed9dB7C788FED9946f","0x5fc5360D0400a0Fd4f2af552ADD042D716F1d168","46489215466857703136024","2026-09-09T03:26:12.002Z","IDENTITY_READY","true","zero-x-swap","4663","25","0xf0821f2BF570ca4e7499a9Ed9dB7C788FED9946f","116223038667144257840","9900","10000","NOT_REACHED_UNFUNDED_WALLET","indicative","984900","FIRM_VERIFIED","insufficient_balance","0x1111111111111111111111111111111111111111","975100","0x0000000000001fF3684f28c67538d4D072C22734","0x0000000000001fF3684f28c67538d4D072C22734","0x39b38686A19836Ac10162c490E4558e120CbBE5f","0x99f5e8edaceacfdd183eb5f1da8a7757b322495b80cf7928db289a1b1a09f799","0xb6c0bf3b83bc9ae4f6ed65a4f5f6c188eb3e4258d8d3b3705dff4ac02ed4a966","0x75b27fbddd3a3d1bb9a77123cb5778a735eaf5856329acc931ca9c8b47683397","2","[200,200]"
"3","0","5272840","0xf0821f2BF570ca4e7499a9Ed9dB7C788FED9946f","PEEP","uniswap","2","0xe70dd15481ba143f145fbe23e8916236d554d3c7","BUY","0x0000000000000000000000000000000000000000","0xf0821f2BF570ca4e7499a9Ed9dB7C788FED9946f","500000000000000","2026-09-09T03:26:17.347Z","IDENTITY_READY","true","zero-x-swap","4663","25","0x0000000000000000000000000000000000000000","1250000000000","9900","10000","NOT_REACHED_UNFUNDED_WALLET","indicative","57865603150828389705930","FIRM_VERIFIED","insufficient_balance","0x1111111111111111111111111111111111111111","57292733679635188641970","0x0000000000001fF3684f28c67538d4D072C22734","0x0000000000001fF3684f28c67538d4D072C22734","0x39b38686A19836Ac10162c490E4558e120CbBE5f","0x99f5e8edaceacfdd183eb5f1da8a7757b322495b80cf7928db289a1b1a09f799","0xb6c0bf3b83bc9ae4f6ed65a4f5f6c188eb3e4258d8d3b3705dff4ac02ed4a966","0x504d5c28e0b411b63a1fbf05aaa8a1ba07cfdfe97f7c92301730edabfc3c9044","2","[200,200]"
"3","0","5272840","0xf0821f2BF570ca4e7499a9Ed9dB7C788FED9946f","PEEP","uniswap","2","0xe70dd15481ba143f145fbe23e8916236d554d3c7","SELL","0xf0821f2BF570ca4e7499a9Ed9dB7C788FED9946f","0x0000000000000000000000000000000000000000","57865603150828389705930","2026-09-09T03:26:19.000Z","IDENTITY_READY","true","zero-x-swap","4663","25","0xf0821f2BF570ca4e7499a9Ed9dB7C788FED9946f","144664007877070974265","9900","10000","NOT_REACHED_UNFUNDED_WALLET","indicative","492904631071920","FIRM_VERIFIED","insufficient_balance","0x1111111111111111111111111111111111111111","488017544594592","0x0000000000001fF3684f28c67538d4D072C22734","0x0000000000001fF3684f28c67538d4D072C22734","0x39b38686A19836Ac10162c490E4558e120CbBE5f","0x99f5e8edaceacfdd183eb5f1da8a7757b322495b80cf7928db289a1b1a09f799","0xb6c0bf3b83bc9ae4f6ed65a4f5f6c188eb3e4258d8d3b3705dff4ac02ed4a966","0x0a20dade243a37a5b6958ff7a7c4b6b581ab0c11627ff69b9bfbbdc8ac03e99d","2","[200,200]"
"3","0","5272840","0xf0821f2BF570ca4e7499a9Ed9dB7C788FED9946f","PEEP","uniswap","2","0xe70dd15481ba143f145fbe23e8916236d554d3c7","BUY","0x5fc5360D0400a0Fd4f2af552ADD042D716F1d168","0xf0821f2BF570ca4e7499a9Ed9dB7C788FED9946f","1000000","2026-09-09T03:26:20.596Z","IDENTITY_READY","true","zero-x-swap","4663","25","0x5fc5360D0400a0Fd4f2af552ADD042D716F1d168","2500","9900","10000","NOT_REACHED_UNFUNDED_WALLET","indicative","46495076516564770361006","FIRM_VERIFIED","insufficient_balance","0x1111111111111111111111111111111111111111","46031641446839536204517","0x0000000000001fF3684f28c67538d4D072C22734","0x0000000000001fF3684f28c67538d4D072C22734","0x39b38686A19836Ac10162c490E4558e120CbBE5f","0x99f5e8edaceacfdd183eb5f1da8a7757b322495b80cf7928db289a1b1a09f799","0xb6c0bf3b83bc9ae4f6ed65a4f5f6c188eb3e4258d8d3b3705dff4ac02ed4a966","0xee547e41df18554abfde2ad12fab54ade95302687c279d48f97e5e558b345281","2","[200,200]"
"3","0","5272840","0xf0821f2BF570ca4e7499a9Ed9dB7C788FED9946f","PEEP","uniswap","2","0xe70dd15481ba143f145fbe23e8916236d554d3c7","SELL","0xf0821f2BF570ca4e7499a9Ed9dB7C788FED9946f","0x5fc5360D0400a0Fd4f2af552ADD042D716F1d168","46495076516564770361006","2026-09-09T03:26:22.320Z","IDENTITY_READY","true","zero-x-swap","4663","25","0xf0821f2BF570ca4e7499a9Ed9dB7C788FED9946f","116237691291411925903","9900","10000","NOT_REACHED_UNFUNDED_WALLET","indicative","984900","FIRM_VERIFIED","insufficient_balance","0x1111111111111111111111111111111111111111","975198","0x0000000000001fF3684f28c67538d4D072C22734","0x0000000000001fF3684f28c67538d4D072C22734","0x39b38686A19836Ac10162c490E4558e120CbBE5f","0x99f5e8edaceacfdd183eb5f1da8a7757b322495b80cf7928db289a1b1a09f799","0xb6c0bf3b83bc9ae4f6ed65a4f5f6c188eb3e4258d8d3b3705dff4ac02ed4a966","0x6b0e14d1e0cc8af81020f57d35040bac88f6a9cf6da99ab3c866bd387467ad72","2","[200,200]"
"4","0","5272840","0xf0821f2BF570ca4e7499a9Ed9dB7C788FED9946f","PEEP","uniswap","2","0xe70dd15481ba143f145fbe23e8916236d554d3c7","BUY","0x0000000000000000000000000000000000000000","0xf0821f2BF570ca4e7499a9Ed9dB7C788FED9946f","500000000000000","2026-09-09T03:26:28.051Z","IDENTITY_READY","true","zero-x-swap","4663","25","0x0000000000000000000000000000000000000000","1250000000000","9900","10000","NOT_REACHED_UNFUNDED_WALLET","indicative","57865603150828389705930","FIRM_VERIFIED","insufficient_balance","0x1111111111111111111111111111111111111111","57292733679635188641970","0x0000000000001fF3684f28c67538d4D072C22734","0x0000000000001fF3684f28c67538d4D072C22734","0x39b38686A19836Ac10162c490E4558e120CbBE5f","0x99f5e8edaceacfdd183eb5f1da8a7757b322495b80cf7928db289a1b1a09f799","0xb6c0bf3b83bc9ae4f6ed65a4f5f6c188eb3e4258d8d3b3705dff4ac02ed4a966","0x63f4bcfcd4e403c81e35c93b5bccfacf6f11bd2567eac16fc67a974046efcd94","2","[200,200]"
"4","0","5272840","0xf0821f2BF570ca4e7499a9Ed9dB7C788FED9946f","PEEP","uniswap","2","0xe70dd15481ba143f145fbe23e8916236d554d3c7","SELL","0xf0821f2BF570ca4e7499a9Ed9dB7C788FED9946f","0x0000000000000000000000000000000000000000","57865603150828389705930","2026-09-09T03:26:29.620Z","IDENTITY_READY","true","zero-x-swap","4663","25","0xf0821f2BF570ca4e7499a9Ed9dB7C788FED9946f","144664007877070974265","9900","10000","NOT_REACHED_UNFUNDED_WALLET","indicative","492904631071920","FIRM_VERIFIED","insufficient_balance","0x1111111111111111111111111111111111111111","488017544594592","0x0000000000001fF3684f28c67538d4D072C22734","0x0000000000001fF3684f28c67538d4D072C22734","0x39b38686A19836Ac10162c490E4558e120CbBE5f","0x99f5e8edaceacfdd183eb5f1da8a7757b322495b80cf7928db289a1b1a09f799","0xb6c0bf3b83bc9ae4f6ed65a4f5f6c188eb3e4258d8d3b3705dff4ac02ed4a966","0xa7306e88456c37601c0b346fe8a5033c989e1831e23f015cb683c9d7ef351d15","2","[200,200]"
"4","0","5272840","0xf0821f2BF570ca4e7499a9Ed9dB7C788FED9946f","PEEP","uniswap","2","0xe70dd15481ba143f145fbe23e8916236d554d3c7","BUY","0x5fc5360D0400a0Fd4f2af552ADD042D716F1d168","0xf0821f2BF570ca4e7499a9Ed9dB7C788FED9946f","1000000","2026-09-09T03:26:31.246Z","IDENTITY_READY","true","zero-x-swap","4663","25","0x5fc5360D0400a0Fd4f2af552ADD042D716F1d168","2500","9900","10000","NOT_REACHED_UNFUNDED_WALLET","indicative","46526744160924837016442","FIRM_VERIFIED","insufficient_balance","0x1111111111111111111111111111111111111111","50156732891790438434436","0x0000000000001fF3684f28c67538d4D072C22734","0x0000000000001fF3684f28c67538d4D072C22734","0x39b38686A19836Ac10162c490E4558e120CbBE5f","0x99f5e8edaceacfdd183eb5f1da8a7757b322495b80cf7928db289a1b1a09f799","0xb6c0bf3b83bc9ae4f6ed65a4f5f6c188eb3e4258d8d3b3705dff4ac02ed4a966","0xd69fc664bea0725bc25bdc5264e3a8902a6846fe6f7ad3a92d2f883d14ec489b","2","[200,200]"
"4","0","5272840","0xf0821f2BF570ca4e7499a9Ed9dB7C788FED9946f","PEEP","uniswap","2","0xe70dd15481ba143f145fbe23e8916236d554d3c7","SELL","0xf0821f2BF570ca4e7499a9Ed9dB7C788FED9946f","0x5fc5360D0400a0Fd4f2af552ADD042D716F1d168","46526744160924837016442","2026-09-09T03:26:33.054Z","IDENTITY_READY","true","zero-x-swap","4663","25","0xf0821f2BF570ca4e7499a9Ed9dB7C788FED9946f","116316860402312092541","9900","10000","NOT_REACHED_UNFUNDED_WALLET","indicative","985586","FIRM_VERIFIED","insufficient_balance","0x1111111111111111111111111111111111111111","975786","0x0000000000001fF3684f28c67538d4D072C22734","0x0000000000001fF3684f28c67538d4D072C22734","0x39b38686A19836Ac10162c490E4558e120CbBE5f","0x99f5e8edaceacfdd183eb5f1da8a7757b322495b80cf7928db289a1b1a09f799","0xb6c0bf3b83bc9ae4f6ed65a4f5f6c188eb3e4258d8d3b3705dff4ac02ed4a966","0x36dd8a519020431795d1490869e578f4a6606576e3d23a33c7bbf7c3963d2674","2","[200,200]"
"5","0","5272840","0xf0821f2BF570ca4e7499a9Ed9dB7C788FED9946f","PEEP","uniswap","2","0xe70dd15481ba143f145fbe23e8916236d554d3c7","BUY","0x0000000000000000000000000000000000000000","0xf0821f2BF570ca4e7499a9Ed9dB7C788FED9946f","500000000000000","2026-09-09T03:26:38.480Z","IDENTITY_READY","true","zero-x-swap","4663","25","0x0000000000000000000000000000000000000000","1250000000000","9900","10000","NOT_REACHED_UNFUNDED_WALLET","indicative","57865603150828389705930","FIRM_VERIFIED","insufficient_balance","0x1111111111111111111111111111111111111111","57292733679635188641970","0x0000000000001fF3684f28c67538d4D072C22734","0x0000000000001fF3684f28c67538d4D072C22734","0x39b38686A19836Ac10162c490E4558e120CbBE5f","0x99f5e8edaceacfdd183eb5f1da8a7757b322495b80cf7928db289a1b1a09f799","0xb6c0bf3b83bc9ae4f6ed65a4f5f6c188eb3e4258d8d3b3705dff4ac02ed4a966","0x563b313c1356bc4a252d977b868ca66b589b58295d43e53de15f581da47c8864","2","[200,200]"
"5","0","5272840","0xf0821f2BF570ca4e7499a9Ed9dB7C788FED9946f","PEEP","uniswap","2","0xe70dd15481ba143f145fbe23e8916236d554d3c7","SELL","0xf0821f2BF570ca4e7499a9Ed9dB7C788FED9946f","0x0000000000000000000000000000000000000000","57865603150828389705930","2026-09-09T03:26:40.039Z","IDENTITY_READY","true","zero-x-swap","4663","25","0xf0821f2BF570ca4e7499a9Ed9dB7C788FED9946f","144664007877070974265","9900","10000","NOT_REACHED_UNFUNDED_WALLET","indicative","492904631071920","FIRM_VERIFIED","insufficient_balance","0x1111111111111111111111111111111111111111","488017544594592","0x0000000000001fF3684f28c67538d4D072C22734","0x0000000000001fF3684f28c67538d4D072C22734","0x39b38686A19836Ac10162c490E4558e120CbBE5f","0x99f5e8edaceacfdd183eb5f1da8a7757b322495b80cf7928db289a1b1a09f799","0xb6c0bf3b83bc9ae4f6ed65a4f5f6c188eb3e4258d8d3b3705dff4ac02ed4a966","0x15abf669af0c00c5965d46875a0ee8854eb13471fb1c1979f2578561cedf3741","2","[200,200]"
"5","0","5272840","0xf0821f2BF570ca4e7499a9Ed9dB7C788FED9946f","PEEP","uniswap","2","0xe70dd15481ba143f145fbe23e8916236d554d3c7","BUY","0x5fc5360D0400a0Fd4f2af552ADD042D716F1d168","0xf0821f2BF570ca4e7499a9Ed9dB7C788FED9946f","1000000","2026-09-09T03:26:41.617Z","IDENTITY_READY","true","zero-x-swap","4663","25","0x5fc5360D0400a0Fd4f2af552ADD042D716F1d168","2500","9900","10000","NOT_REACHED_UNFUNDED_WALLET","indicative","46524213719737185462286","FIRM_VERIFIED","insufficient_balance","0x1111111111111111111111111111111111111111","46063624003911787323946","0x0000000000001fF3684f28c67538d4D072C22734","0x0000000000001fF3684f28c67538d4D072C22734","0x39b38686A19836Ac10162c490E4558e120CbBE5f","0x99f5e8edaceacfdd183eb5f1da8a7757b322495b80cf7928db289a1b1a09f799","0xb6c0bf3b83bc9ae4f6ed65a4f5f6c188eb3e4258d8d3b3705dff4ac02ed4a966","0x0136e44767767d9c1397f292d5b1de2a31f90fc9054112481a3776cfee13b918","2","[200,200]"
"5","0","5272840","0xf0821f2BF570ca4e7499a9Ed9dB7C788FED9946f","PEEP","uniswap","2","0xe70dd15481ba143f145fbe23e8916236d554d3c7","SELL","0xf0821f2BF570ca4e7499a9Ed9dB7C788FED9946f","0x5fc5360D0400a0Fd4f2af552ADD042D716F1d168","46524213719737185462286","2026-09-09T03:26:43.365Z","IDENTITY_READY","true","zero-x-swap","4663","25","0xf0821f2BF570ca4e7499a9Ed9dB7C788FED9946f","116310534299342963656","9900","10000","NOT_REACHED_UNFUNDED_WALLET","indicative","985488","FIRM_VERIFIED","insufficient_balance","0x1111111111111111111111111111111111111111","975688","0x0000000000001fF3684f28c67538d4D072C22734","0x0000000000001fF3684f28c67538d4D072C22734","0x39b38686A19836Ac10162c490E4558e120CbBE5f","0x99f5e8edaceacfdd183eb5f1da8a7757b322495b80cf7928db289a1b1a09f799","0xb6c0bf3b83bc9ae4f6ed65a4f5f6c188eb3e4258d8d3b3705dff4ac02ed4a966","0xc8eeb62ef5c9ca949ba64cd1572cfb2349ebe2a7f91f9b00a9f24a3b756e1308","2","[200,200]"
"6","0","5272840","0xf0821f2BF570ca4e7499a9Ed9dB7C788FED9946f","PEEP","uniswap","2","0xe70dd15481ba143f145fbe23e8916236d554d3c7","BUY","0x0000000000000000000000000000000000000000","0xf0821f2BF570ca4e7499a9Ed9dB7C788FED9946f","500000000000000","2026-09-09T03:26:49.258Z","IDENTITY_READY","true","zero-x-swap","4663","25","0x0000000000000000000000000000000000000000","1250000000000","9900","10000","NOT_REACHED_UNFUNDED_WALLET","indicative","57865603150828389705930","FIRM_VERIFIED","insufficient_balance","0x1111111111111111111111111111111111111111","57292733679635188641970","0x0000000000001fF3684f28c67538d4D072C22734","0x0000000000001fF3684f28c67538d4D072C22734","0x39b38686A19836Ac10162c490E4558e120CbBE5f","0x99f5e8edaceacfdd183eb5f1da8a7757b322495b80cf7928db289a1b1a09f799","0xb6c0bf3b83bc9ae4f6ed65a4f5f6c188eb3e4258d8d3b3705dff4ac02ed4a966","0x15d860b8a2d44c23ff819eecb7de5e9910c1436e73a43676493a4c96dcb46dd4","2","[200,200]"
"6","0","5272840","0xf0821f2BF570ca4e7499a9Ed9dB7C788FED9946f","PEEP","uniswap","2","0xe70dd15481ba143f145fbe23e8916236d554d3c7","SELL","0xf0821f2BF570ca4e7499a9Ed9dB7C788FED9946f","0x0000000000000000000000000000000000000000","57865603150828389705930","2026-09-09T03:26:50.804Z","IDENTITY_READY","true","zero-x-swap","4663","25","0xf0821f2BF570ca4e7499a9Ed9dB7C788FED9946f","144664007877070974265","9900","10000","NOT_REACHED_UNFUNDED_WALLET","indicative","492904631071920","FIRM_VERIFIED","insufficient_balance","0x1111111111111111111111111111111111111111","488017544594592","0x0000000000001fF3684f28c67538d4D072C22734","0x0000000000001fF3684f28c67538d4D072C22734","0x39b38686A19836Ac10162c490E4558e120CbBE5f","0x99f5e8edaceacfdd183eb5f1da8a7757b322495b80cf7928db289a1b1a09f799","0xb6c0bf3b83bc9ae4f6ed65a4f5f6c188eb3e4258d8d3b3705dff4ac02ed4a966","0x85b225f5599a4f4b63848edd19bc388a30e16ef05747508a8b822a2a89a20638","2","[200,200]"
"6","0","5272840","0xf0821f2BF570ca4e7499a9Ed9dB7C788FED9946f","PEEP","uniswap","2","0xe70dd15481ba143f145fbe23e8916236d554d3c7","BUY","0x5fc5360D0400a0Fd4f2af552ADD042D716F1d168","0xf0821f2BF570ca4e7499a9Ed9dB7C788FED9946f","1000000","2026-09-09T03:26:52.369Z","IDENTITY_READY","true","zero-x-swap","4663","25","0x5fc5360D0400a0Fd4f2af552ADD042D716F1d168","2500","9900","10000","NOT_REACHED_UNFUNDED_WALLET","indicative","46520672379449363265543","FIRM_VERIFIED","insufficient_balance","0x1111111111111111111111111111111111111111","46034784749655187401621","0x0000000000001fF3684f28c67538d4D072C22734","0x0000000000001fF3684f28c67538d4D072C22734","0x39b38686A19836Ac10162c490E4558e120CbBE5f","0x99f5e8edaceacfdd183eb5f1da8a7757b322495b80cf7928db289a1b1a09f799","0xb6c0bf3b83bc9ae4f6ed65a4f5f6c188eb3e4258d8d3b3705dff4ac02ed4a966","0x84c2d303eec6a4d918e30cdfe89b0661a715d033f5715841b524b56995a70932","2","[200,200]"
"6","0","5272840","0xf0821f2BF570ca4e7499a9Ed9dB7C788FED9946f","PEEP","uniswap","2","0xe70dd15481ba143f145fbe23e8916236d554d3c7","SELL","0xf0821f2BF570ca4e7499a9Ed9dB7C788FED9946f","0x5fc5360D0400a0Fd4f2af552ADD042D716F1d168","46520672379449363265543","2026-09-09T03:26:54.123Z","IDENTITY_READY","true","zero-x-swap","4663","25","0xf0821f2BF570ca4e7499a9Ed9dB7C788FED9946f","116301680948623408164","9900","10000","NOT_REACHED_UNFUNDED_WALLET","indicative","985390","FIRM_VERIFIED","insufficient_balance","0x1111111111111111111111111111111111111111","975590","0x0000000000001fF3684f28c67538d4D072C22734","0x0000000000001fF3684f28c67538d4D072C22734","0x39b38686A19836Ac10162c490E4558e120CbBE5f","0x99f5e8edaceacfdd183eb5f1da8a7757b322495b80cf7928db289a1b1a09f799","0xb6c0bf3b83bc9ae4f6ed65a4f5f6c188eb3e4258d8d3b3705dff4ac02ed4a966","0x6ddb215696f4aaf153e9a49de0917603e332676a0657cecbe52c051120d7d90b","2","[200,200]"
"7","0","5272840","0xf0821f2BF570ca4e7499a9Ed9dB7C788FED9946f","PEEP","uniswap","2","0xe70dd15481ba143f145fbe23e8916236d554d3c7","BUY","0x0000000000000000000000000000000000000000","0xf0821f2BF570ca4e7499a9Ed9dB7C788FED9946f","500000000000000","2026-09-09T03:26:59.366Z","IDENTITY_READY","true","zero-x-swap","4663","25","0x0000000000000000000000000000000000000000","1250000000000","9900","10000","NOT_REACHED_UNFUNDED_WALLET","indicative","57865603150828389705930","FIRM_VERIFIED","insufficient_balance","0x1111111111111111111111111111111111111111","57292733679635188641970","0x0000000000001fF3684f28c67538d4D072C22734","0x0000000000001fF3684f28c67538d4D072C22734","0x39b38686A19836Ac10162c490E4558e120CbBE5f","0x99f5e8edaceacfdd183eb5f1da8a7757b322495b80cf7928db289a1b1a09f799","0xb6c0bf3b83bc9ae4f6ed65a4f5f6c188eb3e4258d8d3b3705dff4ac02ed4a966","0x42d8a14f2bc91b29a955ae58b9401d3840738d89001a7dd5af90f9d9f6ffa225","2","[200,200]"
"7","0","5272840","0xf0821f2BF570ca4e7499a9Ed9dB7C788FED9946f","PEEP","uniswap","2","0xe70dd15481ba143f145fbe23e8916236d554d3c7","SELL","0xf0821f2BF570ca4e7499a9Ed9dB7C788FED9946f","0x0000000000000000000000000000000000000000","57865603150828389705930","2026-09-09T03:27:00.916Z","IDENTITY_READY","true","zero-x-swap","4663","25","0xf0821f2BF570ca4e7499a9Ed9dB7C788FED9946f","144664007877070974265","9900","10000","NOT_REACHED_UNFUNDED_WALLET","indicative","492904631071920","FIRM_VERIFIED","insufficient_balance","0x1111111111111111111111111111111111111111","488017544594592","0x0000000000001fF3684f28c67538d4D072C22734","0x0000000000001fF3684f28c67538d4D072C22734","0x39b38686A19836Ac10162c490E4558e120CbBE5f","0x99f5e8edaceacfdd183eb5f1da8a7757b322495b80cf7928db289a1b1a09f799","0xb6c0bf3b83bc9ae4f6ed65a4f5f6c188eb3e4258d8d3b3705dff4ac02ed4a966","0xf3de2ab536171b2ac28d2e46619077247999fa226cc2c1fe9d58fbcfae5e466b","2","[200,200]"
"7","0","5272840","0xf0821f2BF570ca4e7499a9Ed9dB7C788FED9946f","PEEP","uniswap","2","0xe70dd15481ba143f145fbe23e8916236d554d3c7","BUY","0x5fc5360D0400a0Fd4f2af552ADD042D716F1d168","0xf0821f2BF570ca4e7499a9Ed9dB7C788FED9946f","1000000","2026-09-09T03:27:02.487Z","IDENTITY_READY","true","zero-x-swap","4663","25","0x5fc5360D0400a0Fd4f2af552ADD042D716F1d168","2500","9900","10000","NOT_REACHED_UNFUNDED_WALLET","indicative","46498609672247597981542","FIRM_VERIFIED","insufficient_balance","0x1111111111111111111111111111111111111111","46038273436492346759998","0x0000000000001fF3684f28c67538d4D072C22734","0x0000000000001fF3684f28c67538d4D072C22734","0x39b38686A19836Ac10162c490E4558e120CbBE5f","0x99f5e8edaceacfdd183eb5f1da8a7757b322495b80cf7928db289a1b1a09f799","0xb6c0bf3b83bc9ae4f6ed65a4f5f6c188eb3e4258d8d3b3705dff4ac02ed4a966","0x63550f3debb2606be8b3cc74ca01b391852c979900a4ff38263448f99c12a9d8","2","[200,200]"
"7","0","5272840","0xf0821f2BF570ca4e7499a9Ed9dB7C788FED9946f","PEEP","uniswap","2","0xe70dd15481ba143f145fbe23e8916236d554d3c7","SELL","0xf0821f2BF570ca4e7499a9Ed9dB7C788FED9946f","0x5fc5360D0400a0Fd4f2af552ADD042D716F1d168","46498609672247597981542","2026-09-09T03:27:04.325Z","IDENTITY_READY","true","zero-x-swap","4663","25","0xf0821f2BF570ca4e7499a9Ed9dB7C788FED9946f","116246524180618994954","9900","10000","NOT_REACHED_UNFUNDED_WALLET","indicative","984900","FIRM_VERIFIED","insufficient_balance","0x1111111111111111111111111111111111111111","975198","0x0000000000001fF3684f28c67538d4D072C22734","0x0000000000001fF3684f28c67538d4D072C22734","0x39b38686A19836Ac10162c490E4558e120CbBE5f","0x99f5e8edaceacfdd183eb5f1da8a7757b322495b80cf7928db289a1b1a09f799","0xb6c0bf3b83bc9ae4f6ed65a4f5f6c188eb3e4258d8d3b3705dff4ac02ed4a966","0xe4574686bddb16e633f0e5eaa994075f052da937b9ce80f1b513479b9b2342ee","2","[200,200]"
"8","0","5272840","0xf0821f2BF570ca4e7499a9Ed9dB7C788FED9946f","PEEP","uniswap","2","0xe70dd15481ba143f145fbe23e8916236d554d3c7","BUY","0x0000000000000000000000000000000000000000","0xf0821f2BF570ca4e7499a9Ed9dB7C788FED9946f","500000000000000","2026-09-09T03:27:09.954Z","IDENTITY_READY","true","zero-x-swap","4663","25","0x0000000000000000000000000000000000000000","1250000000000","9900","10000","NOT_REACHED_UNFUNDED_WALLET","indicative","57865603150828389705930","FIRM_VERIFIED","insufficient_balance","0x1111111111111111111111111111111111111111","57292733679635188641970","0x0000000000001fF3684f28c67538d4D072C22734","0x0000000000001fF3684f28c67538d4D072C22734","0x39b38686A19836Ac10162c490E4558e120CbBE5f","0x99f5e8edaceacfdd183eb5f1da8a7757b322495b80cf7928db289a1b1a09f799","0xb6c0bf3b83bc9ae4f6ed65a4f5f6c188eb3e4258d8d3b3705dff4ac02ed4a966","0xbb80a9e4eba4749e713bac42045b85e92fc86c37daca3d333e367c7b0d95872d","2","[200,200]"
"8","0","5272840","0xf0821f2BF570ca4e7499a9Ed9dB7C788FED9946f","PEEP","uniswap","2","0xe70dd15481ba143f145fbe23e8916236d554d3c7","SELL","0xf0821f2BF570ca4e7499a9Ed9dB7C788FED9946f","0x0000000000000000000000000000000000000000","57865603150828389705930","2026-09-09T03:27:11.503Z","IDENTITY_READY","true","zero-x-swap","4663","25","0xf0821f2BF570ca4e7499a9Ed9dB7C788FED9946f","144664007877070974265","9900","10000","NOT_REACHED_UNFUNDED_WALLET","indicative","492904631071920","FIRM_VERIFIED","insufficient_balance","0x1111111111111111111111111111111111111111","488017544594592","0x0000000000001fF3684f28c67538d4D072C22734","0x0000000000001fF3684f28c67538d4D072C22734","0x39b38686A19836Ac10162c490E4558e120CbBE5f","0x99f5e8edaceacfdd183eb5f1da8a7757b322495b80cf7928db289a1b1a09f799","0xb6c0bf3b83bc9ae4f6ed65a4f5f6c188eb3e4258d8d3b3705dff4ac02ed4a966","0x1888b7dd380dc0478a35cf13ef95c4b51bdcb962dde25042a162d7079ee9a45c","2","[200,200]"
"8","0","5272840","0xf0821f2BF570ca4e7499a9Ed9dB7C788FED9946f","PEEP","uniswap","2","0xe70dd15481ba143f145fbe23e8916236d554d3c7","BUY","0x5fc5360D0400a0Fd4f2af552ADD042D716F1d168","0xf0821f2BF570ca4e7499a9Ed9dB7C788FED9946f","1000000","2026-09-09T03:27:13.124Z","IDENTITY_READY","true","zero-x-swap","4663","25","0x5fc5360D0400a0Fd4f2af552ADD042D716F1d168","2500","9900","10000","NOT_REACHED_UNFUNDED_WALLET","indicative","46536411519717290594656","FIRM_VERIFIED","insufficient_balance","0x1111111111111111111111111111111111111111","46075701045672089413159","0x0000000000001fF3684f28c67538d4D072C22734","0x0000000000001fF3684f28c67538d4D072C22734","0x39b38686A19836Ac10162c490E4558e120CbBE5f","0x99f5e8edaceacfdd183eb5f1da8a7757b322495b80cf7928db289a1b1a09f799","0xb6c0bf3b83bc9ae4f6ed65a4f5f6c188eb3e4258d8d3b3705dff4ac02ed4a966","0xa29cd2da24feaff5c9bee7c5a52b00130ae20b60755895dc88275846183e9445","2","[200,200]"
"8","0","5272840","0xf0821f2BF570ca4e7499a9Ed9dB7C788FED9946f","PEEP","uniswap","2","0xe70dd15481ba143f145fbe23e8916236d554d3c7","SELL","0xf0821f2BF570ca4e7499a9Ed9dB7C788FED9946f","0x5fc5360D0400a0Fd4f2af552ADD042D716F1d168","46536411519717290594656","2026-09-09T03:27:14.940Z","IDENTITY_READY","true","zero-x-swap","4663","25","0xf0821f2BF570ca4e7499a9Ed9dB7C788FED9946f","116341028799293226487","9900","10000","NOT_REACHED_UNFUNDED_WALLET","indicative","985684","FIRM_VERIFIED","insufficient_balance","0x1111111111111111111111111111111111111111","975982","0x0000000000001fF3684f28c67538d4D072C22734","0x0000000000001fF3684f28c67538d4D072C22734","0x39b38686A19836Ac10162c490E4558e120CbBE5f","0x99f5e8edaceacfdd183eb5f1da8a7757b322495b80cf7928db289a1b1a09f799","0xb6c0bf3b83bc9ae4f6ed65a4f5f6c188eb3e4258d8d3b3705dff4ac02ed4a966","0xee1f339980c9ac6480b4916335b02cf8917e8f5f56dc15efa15233517572c08b","2","[200,200]"
"9","0","5272840","0xf0821f2BF570ca4e7499a9Ed9dB7C788FED9946f","PEEP","uniswap","2","0xe70dd15481ba143f145fbe23e8916236d554d3c7","BUY","0x0000000000000000000000000000000000000000","0xf0821f2BF570ca4e7499a9Ed9dB7C788FED9946f","500000000000000","2026-09-09T03:27:20.387Z","IDENTITY_READY","true","zero-x-swap","4663","25","0x0000000000000000000000000000000000000000","1250000000000","9900","10000","NOT_REACHED_UNFUNDED_WALLET","indicative","57865603150828389705930","FIRM_VERIFIED","insufficient_balance","0x1111111111111111111111111111111111111111","57292733679635188641970","0x0000000000001fF3684f28c67538d4D072C22734","0x0000000000001fF3684f28c67538d4D072C22734","0x39b38686A19836Ac10162c490E4558e120CbBE5f","0x99f5e8edaceacfdd183eb5f1da8a7757b322495b80cf7928db289a1b1a09f799","0xb6c0bf3b83bc9ae4f6ed65a4f5f6c188eb3e4258d8d3b3705dff4ac02ed4a966","0x9daa61359ab0386971dd6cb6026c0bf0f105ec7de89b6bb9f4aadeb17537a365","2","[200,200]"
"9","0","5272840","0xf0821f2BF570ca4e7499a9Ed9dB7C788FED9946f","PEEP","uniswap","2","0xe70dd15481ba143f145fbe23e8916236d554d3c7","SELL","0xf0821f2BF570ca4e7499a9Ed9dB7C788FED9946f","0x0000000000000000000000000000000000000000","57865603150828389705930","2026-09-09T03:27:21.964Z","IDENTITY_READY","true","zero-x-swap","4663","25","0xf0821f2BF570ca4e7499a9Ed9dB7C788FED9946f","144664007877070974265","9900","10000","NOT_REACHED_UNFUNDED_WALLET","indicative","492904631071920","FIRM_VERIFIED","insufficient_balance","0x1111111111111111111111111111111111111111","488017544594592","0x0000000000001fF3684f28c67538d4D072C22734","0x0000000000001fF3684f28c67538d4D072C22734","0x39b38686A19836Ac10162c490E4558e120CbBE5f","0x99f5e8edaceacfdd183eb5f1da8a7757b322495b80cf7928db289a1b1a09f799","0xb6c0bf3b83bc9ae4f6ed65a4f5f6c188eb3e4258d8d3b3705dff4ac02ed4a966","0x8859950a6dc5e6b3c27b1c5e8f1065899e54e518b85a427db601e50126f38b03","2","[200,200]"
"9","0","5272840","0xf0821f2BF570ca4e7499a9Ed9dB7C788FED9946f","PEEP","uniswap","2","0xe70dd15481ba143f145fbe23e8916236d554d3c7","BUY","0x5fc5360D0400a0Fd4f2af552ADD042D716F1d168","0xf0821f2BF570ca4e7499a9Ed9dB7C788FED9946f","1000000","2026-09-09T03:27:23.537Z","IDENTITY_READY","true","zero-x-swap","4663","25","0x5fc5360D0400a0Fd4f2af552ADD042D716F1d168","2500","9900","10000","NOT_REACHED_UNFUNDED_WALLET","indicative","46536411519717290594656","FIRM_VERIFIED","insufficient_balance","0x1111111111111111111111111111111111111111","46075483973699494994270","0x0000000000001fF3684f28c67538d4D072C22734","0x0000000000001fF3684f28c67538d4D072C22734","0x39b38686A19836Ac10162c490E4558e120CbBE5f","0x99f5e8edaceacfdd183eb5f1da8a7757b322495b80cf7928db289a1b1a09f799","0xb6c0bf3b83bc9ae4f6ed65a4f5f6c188eb3e4258d8d3b3705dff4ac02ed4a966","0x618275c941f091e4cad1384edf615c586fc2da398ff4b42be3924401ddaa1578","2","[200,200]"
"9","0","5272840","0xf0821f2BF570ca4e7499a9Ed9dB7C788FED9946f","PEEP","uniswap","2","0xe70dd15481ba143f145fbe23e8916236d554d3c7","SELL","0xf0821f2BF570ca4e7499a9Ed9dB7C788FED9946f","0x5fc5360D0400a0Fd4f2af552ADD042D716F1d168","46536411519717290594656","2026-09-09T03:27:25.337Z","IDENTITY_READY","true","zero-x-swap","4663","25","0xf0821f2BF570ca4e7499a9Ed9dB7C788FED9946f","116341028799293226487","9900","10000","NOT_REACHED_UNFUNDED_WALLET","indicative","985684","FIRM_VERIFIED","insufficient_balance","0x1111111111111111111111111111111111111111","975982","0x0000000000001fF3684f28c67538d4D072C22734","0x0000000000001fF3684f28c67538d4D072C22734","0x39b38686A19836Ac10162c490E4558e120CbBE5f","0x99f5e8edaceacfdd183eb5f1da8a7757b322495b80cf7928db289a1b1a09f799","0xb6c0bf3b83bc9ae4f6ed65a4f5f6c188eb3e4258d8d3b3705dff4ac02ed4a966","0xf4f7c8ef0f534f9672751b6b3e977e58c9fcbadfb50cc6b8f5bb8a9863512068","2","[200,200]"
"10","0","5272840","0xf0821f2BF570ca4e7499a9Ed9dB7C788FED9946f","PEEP","uniswap","2","0xe70dd15481ba143f145fbe23e8916236d554d3c7","BUY","0x0000000000000000000000000000000000000000","0xf0821f2BF570ca4e7499a9Ed9dB7C788FED9946f","500000000000000","2026-09-09T03:27:31.163Z","IDENTITY_READY","true","zero-x-swap","4663","25","0x0000000000000000000000000000000000000000","1250000000000","9900","10000","NOT_REACHED_UNFUNDED_WALLET","indicative","57865603150828389705930","FIRM_VERIFIED","insufficient_balance","0x1111111111111111111111111111111111111111","57292733679635188641970","0x0000000000001fF3684f28c67538d4D072C22734","0x0000000000001fF3684f28c67538d4D072C22734","0x39b38686A19836Ac10162c490E4558e120CbBE5f","0x99f5e8edaceacfdd183eb5f1da8a7757b322495b80cf7928db289a1b1a09f799","0xb6c0bf3b83bc9ae4f6ed65a4f5f6c188eb3e4258d8d3b3705dff4ac02ed4a966","0x59ddf5a393880d5f6935d3e909cca5b5accc5ea293d9665b0f3c2c8a5548f5bb","2","[200,200]"
"10","0","5272840","0xf0821f2BF570ca4e7499a9Ed9dB7C788FED9946f","PEEP","uniswap","2","0xe70dd15481ba143f145fbe23e8916236d554d3c7","SELL","0xf0821f2BF570ca4e7499a9Ed9dB7C788FED9946f","0x0000000000000000000000000000000000000000","57865603150828389705930","2026-09-09T03:27:32.733Z","IDENTITY_READY","true","zero-x-swap","4663","25","0xf0821f2BF570ca4e7499a9Ed9dB7C788FED9946f","144664007877070974265","9900","10000","NOT_REACHED_UNFUNDED_WALLET","indicative","492904631071920","FIRM_VERIFIED","insufficient_balance","0x1111111111111111111111111111111111111111","488017544594592","0x0000000000001fF3684f28c67538d4D072C22734","0x0000000000001fF3684f28c67538d4D072C22734","0x39b38686A19836Ac10162c490E4558e120CbBE5f","0x99f5e8edaceacfdd183eb5f1da8a7757b322495b80cf7928db289a1b1a09f799","0xb6c0bf3b83bc9ae4f6ed65a4f5f6c188eb3e4258d8d3b3705dff4ac02ed4a966","0x2f64dcbb21ee9b9ba21526400fc87f2683f7ba5a786bb3d6e47190461e1fc4ae","2","[200,200]"
"10","0","5272840","0xf0821f2BF570ca4e7499a9Ed9dB7C788FED9946f","PEEP","uniswap","2","0xe70dd15481ba143f145fbe23e8916236d554d3c7","BUY","0x5fc5360D0400a0Fd4f2af552ADD042D716F1d168","0xf0821f2BF570ca4e7499a9Ed9dB7C788FED9946f","1000000","2026-09-09T03:27:34.301Z","IDENTITY_READY","true","zero-x-swap","4663","25","0x5fc5360D0400a0Fd4f2af552ADD042D716F1d168","2500","9900","10000","NOT_REACHED_UNFUNDED_WALLET","indicative","46528016737445356548232","FIRM_VERIFIED","insufficient_balance","0x1111111111111111111111111111111111111111","46067389371744647510254","0x0000000000001fF3684f28c67538d4D072C22734","0x0000000000001fF3684f28c67538d4D072C22734","0x39b38686A19836Ac10162c490E4558e120CbBE5f","0x99f5e8edaceacfdd183eb5f1da8a7757b322495b80cf7928db289a1b1a09f799","0xb6c0bf3b83bc9ae4f6ed65a4f5f6c188eb3e4258d8d3b3705dff4ac02ed4a966","0x38900ffb05a9d540cd00739b1d4fd0ed4acf57ae203daae79573b7acce9deb89","2","[200,200]"
"10","0","5272840","0xf0821f2BF570ca4e7499a9Ed9dB7C788FED9946f","PEEP","uniswap","2","0xe70dd15481ba143f145fbe23e8916236d554d3c7","SELL","0xf0821f2BF570ca4e7499a9Ed9dB7C788FED9946f","0x5fc5360D0400a0Fd4f2af552ADD042D716F1d168","46528016737445356548232","2026-09-09T03:27:36.069Z","IDENTITY_READY","true","zero-x-swap","4663","25","0xf0821f2BF570ca4e7499a9Ed9dB7C788FED9946f","116320041843613391371","9900","10000","NOT_REACHED_UNFUNDED_WALLET","indicative","985488","FIRM_VERIFIED","insufficient_balance","0x1111111111111111111111111111111111111111","975786","0x0000000000001fF3684f28c67538d4D072C22734","0x0000000000001fF3684f28c67538d4D072C22734","0x39b38686A19836Ac10162c490E4558e120CbBE5f","0x99f5e8edaceacfdd183eb5f1da8a7757b322495b80cf7928db289a1b1a09f799","0xb6c0bf3b83bc9ae4f6ed65a4f5f6c188eb3e4258d8d3b3705dff4ac02ed4a966","0x6fcc6f227b77ff0c3a439d234896f96f7f4d764139d0b780566e0e4c012fb31b","2","[200,200]"
"11","0","5272840","0xf0821f2BF570ca4e7499a9Ed9dB7C788FED9946f","PEEP","uniswap","2","0xe70dd15481ba143f145fbe23e8916236d554d3c7","BUY","0x0000000000000000000000000000000000000000","0xf0821f2BF570ca4e7499a9Ed9dB7C788FED9946f","500000000000000","2026-09-09T03:27:41.551Z","IDENTITY_READY","true","zero-x-swap","4663","25","0x0000000000000000000000000000000000000000","1250000000000","9900","10000","NOT_REACHED_UNFUNDED_WALLET","indicative","57865603150828389705930","FIRM_VERIFIED","insufficient_balance","0x1111111111111111111111111111111111111111","57292733679635188641970","0x0000000000001fF3684f28c67538d4D072C22734","0x0000000000001fF3684f28c67538d4D072C22734","0x39b38686A19836Ac10162c490E4558e120CbBE5f","0x99f5e8edaceacfdd183eb5f1da8a7757b322495b80cf7928db289a1b1a09f799","0xb6c0bf3b83bc9ae4f6ed65a4f5f6c188eb3e4258d8d3b3705dff4ac02ed4a966","0x342ab32d1060b1e97f04f6a49c78f8f6bbef2cedd470074310299e607fafa455","2","[200,200]"
"11","0","5272840","0xf0821f2BF570ca4e7499a9Ed9dB7C788FED9946f","PEEP","uniswap","2","0xe70dd15481ba143f145fbe23e8916236d554d3c7","SELL","0xf0821f2BF570ca4e7499a9Ed9dB7C788FED9946f","0x0000000000000000000000000000000000000000","57865603150828389705930","2026-09-09T03:27:43.109Z","IDENTITY_READY","true","zero-x-swap","4663","25","0xf0821f2BF570ca4e7499a9Ed9dB7C788FED9946f","144664007877070974265","9900","10000","NOT_REACHED_UNFUNDED_WALLET","indicative","492904631071920","FIRM_VERIFIED","insufficient_balance","0x1111111111111111111111111111111111111111","488017544594592","0x0000000000001fF3684f28c67538d4D072C22734","0x0000000000001fF3684f28c67538d4D072C22734","0x39b38686A19836Ac10162c490E4558e120CbBE5f","0x99f5e8edaceacfdd183eb5f1da8a7757b322495b80cf7928db289a1b1a09f799","0xb6c0bf3b83bc9ae4f6ed65a4f5f6c188eb3e4258d8d3b3705dff4ac02ed4a966","0x89aefca775a7012384f5a52f92f2fd2e0fb7dcd64885e3317140743c1051b50d","2","[200,200]"
"11","0","5272840","0xf0821f2BF570ca4e7499a9Ed9dB7C788FED9946f","PEEP","uniswap","2","0xe70dd15481ba143f145fbe23e8916236d554d3c7","BUY","0x5fc5360D0400a0Fd4f2af552ADD042D716F1d168","0xf0821f2BF570ca4e7499a9Ed9dB7C788FED9946f","1000000","2026-09-09T03:27:44.668Z","IDENTITY_READY","true","zero-x-swap","4663","25","0x5fc5360D0400a0Fd4f2af552ADD042D716F1d168","2500","9900","10000","NOT_REACHED_UNFUNDED_WALLET","indicative","46498586478274019340404","FIRM_VERIFIED","insufficient_balance","0x1111111111111111111111111111111111111111","46038250472139106548534","0x0000000000001fF3684f28c67538d4D072C22734","0x0000000000001fF3684f28c67538d4D072C22734","0x39b38686A19836Ac10162c490E4558e120CbBE5f","0x99f5e8edaceacfdd183eb5f1da8a7757b322495b80cf7928db289a1b1a09f799","0xb6c0bf3b83bc9ae4f6ed65a4f5f6c188eb3e4258d8d3b3705dff4ac02ed4a966","0x810d25cba20812cf05833a7585cd2a70b4946bfe3da642b9b7e432b506abe755","2","[200,200]"
"11","0","5272840","0xf0821f2BF570ca4e7499a9Ed9dB7C788FED9946f","PEEP","uniswap","2","0xe70dd15481ba143f145fbe23e8916236d554d3c7","SELL","0xf0821f2BF570ca4e7499a9Ed9dB7C788FED9946f","0x5fc5360D0400a0Fd4f2af552ADD042D716F1d168","46498586478274019340404","2026-09-09T03:27:46.432Z","IDENTITY_READY","true","zero-x-swap","4663","25","0xf0821f2BF570ca4e7499a9Ed9dB7C788FED9946f","116246466195685048351","9900","10000","NOT_REACHED_UNFUNDED_WALLET","indicative","984900","FIRM_VERIFIED","insufficient_balance","0x1111111111111111111111111111111111111111","975100","0x0000000000001fF3684f28c67538d4D072C22734","0x0000000000001fF3684f28c67538d4D072C22734","0x39b38686A19836Ac10162c490E4558e120CbBE5f","0x99f5e8edaceacfdd183eb5f1da8a7757b322495b80cf7928db289a1b1a09f799","0xb6c0bf3b83bc9ae4f6ed65a4f5f6c188eb3e4258d8d3b3705dff4ac02ed4a966","0x4b4fdde77eb363473052f357d2dd3124bca4096ceae2fd7411b512240418d4b0","2","[200,200]"
"12","0","5272840","0xf0821f2BF570ca4e7499a9Ed9dB7C788FED9946f","PEEP","uniswap","2","0xe70dd15481ba143f145fbe23e8916236d554d3c7","BUY","0x0000000000000000000000000000000000000000","0xf0821f2BF570ca4e7499a9Ed9dB7C788FED9946f","500000000000000","2026-09-09T03:27:51.853Z","IDENTITY_READY","true","zero-x-swap","4663","25","0x0000000000000000000000000000000000000000","1250000000000","9900","10000","NOT_REACHED_UNFUNDED_WALLET","indicative","57865603150828389705930","FIRM_VERIFIED","insufficient_balance","0x1111111111111111111111111111111111111111","57292733679635188641970","0x0000000000001fF3684f28c67538d4D072C22734","0x0000000000001fF3684f28c67538d4D072C22734","0x39b38686A19836Ac10162c490E4558e120CbBE5f","0x99f5e8edaceacfdd183eb5f1da8a7757b322495b80cf7928db289a1b1a09f799","0xb6c0bf3b83bc9ae4f6ed65a4f5f6c188eb3e4258d8d3b3705dff4ac02ed4a966","0x069e179b51cd806f5aaedd6ca8a0ac02bcdd6387b830714f0e8659d572944e15","2","[200,200]"
"12","0","5272840","0xf0821f2BF570ca4e7499a9Ed9dB7C788FED9946f","PEEP","uniswap","2","0xe70dd15481ba143f145fbe23e8916236d554d3c7","SELL","0xf0821f2BF570ca4e7499a9Ed9dB7C788FED9946f","0x0000000000000000000000000000000000000000","57865603150828389705930","2026-09-09T03:27:53.392Z","IDENTITY_READY","true","zero-x-swap","4663","25","0xf0821f2BF570ca4e7499a9Ed9dB7C788FED9946f","144664007877070974265","9900","10000","NOT_REACHED_UNFUNDED_WALLET","indicative","492904631071920","FIRM_VERIFIED","insufficient_balance","0x1111111111111111111111111111111111111111","488017544594592","0x0000000000001fF3684f28c67538d4D072C22734","0x0000000000001fF3684f28c67538d4D072C22734","0x39b38686A19836Ac10162c490E4558e120CbBE5f","0x99f5e8edaceacfdd183eb5f1da8a7757b322495b80cf7928db289a1b1a09f799","0xb6c0bf3b83bc9ae4f6ed65a4f5f6c188eb3e4258d8d3b3705dff4ac02ed4a966","0xb3bdc21204a0c66ed82b7bd2c8c7ba77eec10264702e1f1ae91248b3db73e93d","2","[200,200]"
"12","0","5272840","0xf0821f2BF570ca4e7499a9Ed9dB7C788FED9946f","PEEP","uniswap","2","0xe70dd15481ba143f145fbe23e8916236d554d3c7","BUY","0x5fc5360D0400a0Fd4f2af552ADD042D716F1d168","0xf0821f2BF570ca4e7499a9Ed9dB7C788FED9946f","1000000","2026-09-09T03:27:54.973Z","IDENTITY_READY","true","zero-x-swap","4663","25","0x5fc5360D0400a0Fd4f2af552ADD042D716F1d168","2500","9900","10000","NOT_REACHED_UNFUNDED_WALLET","indicative","46498555943964740871720","FIRM_VERIFIED","insufficient_balance","0x1111111111111111111111111111111111111111","46038220240119489935387","0x0000000000001fF3684f28c67538d4D072C22734","0x0000000000001fF3684f28c67538d4D072C22734","0x39b38686A19836Ac10162c490E4558e120CbBE5f","0x99f5e8edaceacfdd183eb5f1da8a7757b322495b80cf7928db289a1b1a09f799","0xb6c0bf3b83bc9ae4f6ed65a4f5f6c188eb3e4258d8d3b3705dff4ac02ed4a966","0xecf6c6960cfdd6b3216c1a5b79dbed15cbb1b2812c4d81ef13b6e1ae3a70f3fb","2","[200,200]"
"12","0","5272840","0xf0821f2BF570ca4e7499a9Ed9dB7C788FED9946f","PEEP","uniswap","2","0xe70dd15481ba143f145fbe23e8916236d554d3c7","SELL","0xf0821f2BF570ca4e7499a9Ed9dB7C788FED9946f","0x5fc5360D0400a0Fd4f2af552ADD042D716F1d168","46498555943964740871720","2026-09-09T03:27:56.712Z","IDENTITY_READY","true","zero-x-swap","4663","25","0xf0821f2BF570ca4e7499a9Ed9dB7C788FED9946f","116246389859911852179","9900","10000","NOT_REACHED_UNFUNDED_WALLET","indicative","984900","FIRM_VERIFIED","insufficient_balance","0x1111111111111111111111111111111111111111","975100","0x0000000000001fF3684f28c67538d4D072C22734","0x0000000000001fF3684f28c67538d4D072C22734","0x39b38686A19836Ac10162c490E4558e120CbBE5f","0x99f5e8edaceacfdd183eb5f1da8a7757b322495b80cf7928db289a1b1a09f799","0xb6c0bf3b83bc9ae4f6ed65a4f5f6c188eb3e4258d8d3b3705dff4ac02ed4a966","0xdaf05f7882d93fa899cbcdcf89e61adc38f152dc821c8364b8e3987d72949ac2","2","[200,200]"
"13","0","5272840","0xf0821f2BF570ca4e7499a9Ed9dB7C788FED9946f","PEEP","uniswap","2","0xe70dd15481ba143f145fbe23e8916236d554d3c7","BUY","0x0000000000000000000000000000000000000000","0xf0821f2BF570ca4e7499a9Ed9dB7C788FED9946f","500000000000000","2026-09-09T03:28:02.033Z","IDENTITY_READY","true","zero-x-swap","4663","25","0x0000000000000000000000000000000000000000","1250000000000","9900","10000","NOT_REACHED_UNFUNDED_WALLET","indicative","57865603150828389705930","FIRM_VERIFIED","insufficient_balance","0x1111111111111111111111111111111111111111","57292733679635188641970","0x0000000000001fF3684f28c67538d4D072C22734","0x0000000000001fF3684f28c67538d4D072C22734","0x39b38686A19836Ac10162c490E4558e120CbBE5f","0x99f5e8edaceacfdd183eb5f1da8a7757b322495b80cf7928db289a1b1a09f799","0xb6c0bf3b83bc9ae4f6ed65a4f5f6c188eb3e4258d8d3b3705dff4ac02ed4a966","0x7cabbf63bc8296666becb11f6bac0add923a54e63039d76282bacc76d44f9ebd","2","[200,200]"
"13","0","5272840","0xf0821f2BF570ca4e7499a9Ed9dB7C788FED9946f","PEEP","uniswap","2","0xe70dd15481ba143f145fbe23e8916236d554d3c7","SELL","0xf0821f2BF570ca4e7499a9Ed9dB7C788FED9946f","0x0000000000000000000000000000000000000000","57865603150828389705930","2026-09-09T03:28:03.564Z","IDENTITY_READY","true","zero-x-swap","4663","25","0xf0821f2BF570ca4e7499a9Ed9dB7C788FED9946f","144664007877070974265","9900","10000","NOT_REACHED_UNFUNDED_WALLET","indicative","492904631071920","FIRM_VERIFIED","insufficient_balance","0x1111111111111111111111111111111111111111","488017544594592","0x0000000000001fF3684f28c67538d4D072C22734","0x0000000000001fF3684f28c67538d4D072C22734","0x39b38686A19836Ac10162c490E4558e120CbBE5f","0x99f5e8edaceacfdd183eb5f1da8a7757b322495b80cf7928db289a1b1a09f799","0xb6c0bf3b83bc9ae4f6ed65a4f5f6c188eb3e4258d8d3b3705dff4ac02ed4a966","0x984d6047ab87a787ab6cdf7f0e4e33d7c2d1e227beb9d03473cbcbd3f328b0f1","2","[200,200]"
"13","0","5272840","0xf0821f2BF570ca4e7499a9Ed9dB7C788FED9946f","PEEP","uniswap","2","0xe70dd15481ba143f145fbe23e8916236d554d3c7","BUY","0x5fc5360D0400a0Fd4f2af552ADD042D716F1d168","0xf0821f2BF570ca4e7499a9Ed9dB7C788FED9946f","1000000","2026-09-09T03:28:05.155Z","IDENTITY_READY","true","zero-x-swap","4663","25","0x5fc5360D0400a0Fd4f2af552ADD042D716F1d168","2500","9900","10000","NOT_REACHED_UNFUNDED_WALLET","indicative","46540765069300134649808","FIRM_VERIFIED","insufficient_balance","0x1111111111111111111111111111111111111111","46085690846181056090751","0x0000000000001fF3684f28c67538d4D072C22734","0x0000000000001fF3684f28c67538d4D072C22734","0x39b38686A19836Ac10162c490E4558e120CbBE5f","0x99f5e8edaceacfdd183eb5f1da8a7757b322495b80cf7928db289a1b1a09f799","0xb6c0bf3b83bc9ae4f6ed65a4f5f6c188eb3e4258d8d3b3705dff4ac02ed4a966","0xea9533f578b05668b5fb9adbacea154de5a25e73e6b5a41a83176dd2d14ed0bc","2","[200,200]"
"13","0","5272840","0xf0821f2BF570ca4e7499a9Ed9dB7C788FED9946f","PEEP","uniswap","2","0xe70dd15481ba143f145fbe23e8916236d554d3c7","SELL","0xf0821f2BF570ca4e7499a9Ed9dB7C788FED9946f","0x5fc5360D0400a0Fd4f2af552ADD042D716F1d168","46540765069300134649808","2026-09-09T03:28:06.898Z","IDENTITY_READY","true","zero-x-swap","4663","25","0xf0821f2BF570ca4e7499a9Ed9dB7C788FED9946f","116351912673250336625","9900","10000","NOT_REACHED_UNFUNDED_WALLET","indicative","985684","FIRM_VERIFIED","insufficient_balance","0x1111111111111111111111111111111111111111","975982","0x0000000000001fF3684f28c67538d4D072C22734","0x0000000000001fF3684f28c67538d4D072C22734","0x39b38686A19836Ac10162c490E4558e120CbBE5f","0x99f5e8edaceacfdd183eb5f1da8a7757b322495b80cf7928db289a1b1a09f799","0xb6c0bf3b83bc9ae4f6ed65a4f5f6c188eb3e4258d8d3b3705dff4ac02ed4a966","0x16f1d4ad46568bd75d1f4079b55e566af2561897814ca03a79114b477e32bb4f","2","[200,200]"
"14","0","5272840","0xf0821f2BF570ca4e7499a9Ed9dB7C788FED9946f","PEEP","uniswap","2","0xe70dd15481ba143f145fbe23e8916236d554d3c7","BUY","0x0000000000000000000000000000000000000000","0xf0821f2BF570ca4e7499a9Ed9dB7C788FED9946f","500000000000000","2026-09-09T03:28:13.915Z","IDENTITY_READY","true","zero-x-swap","4663","25","0x0000000000000000000000000000000000000000","1250000000000","9900","10000","NOT_REACHED_UNFUNDED_WALLET","indicative","57865603150828389705930","FIRM_VERIFIED","insufficient_balance","0x1111111111111111111111111111111111111111","57292733679635188641970","0x0000000000001fF3684f28c67538d4D072C22734","0x0000000000001fF3684f28c67538d4D072C22734","0x39b38686A19836Ac10162c490E4558e120CbBE5f","0x99f5e8edaceacfdd183eb5f1da8a7757b322495b80cf7928db289a1b1a09f799","0xb6c0bf3b83bc9ae4f6ed65a4f5f6c188eb3e4258d8d3b3705dff4ac02ed4a966","0x311fcaabc41b2a691bec9b33afb4a61d1d7320222dbd9fe0a88a83c6402f43ef","2","[200,200]"
"14","0","5272840","0xf0821f2BF570ca4e7499a9Ed9dB7C788FED9946f","PEEP","uniswap","2","0xe70dd15481ba143f145fbe23e8916236d554d3c7","SELL","0xf0821f2BF570ca4e7499a9Ed9dB7C788FED9946f","0x0000000000000000000000000000000000000000","57865603150828389705930","2026-09-09T03:28:15.515Z","IDENTITY_READY","true","zero-x-swap","4663","25","0xf0821f2BF570ca4e7499a9Ed9dB7C788FED9946f","144664007877070974265","9900","10000","NOT_REACHED_UNFUNDED_WALLET","indicative","492904631071920","FIRM_VERIFIED","insufficient_balance","0x1111111111111111111111111111111111111111","488017544594592","0x0000000000001fF3684f28c67538d4D072C22734","0x0000000000001fF3684f28c67538d4D072C22734","0x39b38686A19836Ac10162c490E4558e120CbBE5f","0x99f5e8edaceacfdd183eb5f1da8a7757b322495b80cf7928db289a1b1a09f799","0xb6c0bf3b83bc9ae4f6ed65a4f5f6c188eb3e4258d8d3b3705dff4ac02ed4a966","0x162da9b27a96360bf35fbc086209dac0034f980b64656d35b34a3f26458f383e","2","[200,200]"
"14","0","5272840","0xf0821f2BF570ca4e7499a9Ed9dB7C788FED9946f","PEEP","uniswap","2","0xe70dd15481ba143f145fbe23e8916236d554d3c7","BUY","0x5fc5360D0400a0Fd4f2af552ADD042D716F1d168","0xf0821f2BF570ca4e7499a9Ed9dB7C788FED9946f","1000000","2026-09-09T03:28:17.124Z","IDENTITY_READY","true","zero-x-swap","4663","25","0x5fc5360D0400a0Fd4f2af552ADD042D716F1d168","2500","9900","10000","NOT_REACHED_UNFUNDED_WALLET","indicative","46498555943964740871720","FIRM_VERIFIED","insufficient_balance","0x1111111111111111111111111111111111111111","46038220240119489935387","0x0000000000001fF3684f28c67538d4D072C22734","0x0000000000001fF3684f28c67538d4D072C22734","0x39b38686A19836Ac10162c490E4558e120CbBE5f","0x99f5e8edaceacfdd183eb5f1da8a7757b322495b80cf7928db289a1b1a09f799","0xb6c0bf3b83bc9ae4f6ed65a4f5f6c188eb3e4258d8d3b3705dff4ac02ed4a966","0xf91acba2f4fb4e8f35b37a06882120738fabb6052fd1c171a1e7d266a242fa3f","2","[200,200]"
"14","0","5272840","0xf0821f2BF570ca4e7499a9Ed9dB7C788FED9946f","PEEP","uniswap","2","0xe70dd15481ba143f145fbe23e8916236d554d3c7","SELL","0xf0821f2BF570ca4e7499a9Ed9dB7C788FED9946f","0x5fc5360D0400a0Fd4f2af552ADD042D716F1d168","46498555943964740871720","2026-09-09T03:28:18.935Z","IDENTITY_READY","true","zero-x-swap","4663","25","0xf0821f2BF570ca4e7499a9Ed9dB7C788FED9946f","116246389859911852179","9900","10000","NOT_REACHED_UNFUNDED_WALLET","indicative","984704","FIRM_VERIFIED","insufficient_balance","0x1111111111111111111111111111111111111111","975002","0x0000000000001fF3684f28c67538d4D072C22734","0x0000000000001fF3684f28c67538d4D072C22734","0x39b38686A19836Ac10162c490E4558e120CbBE5f","0x99f5e8edaceacfdd183eb5f1da8a7757b322495b80cf7928db289a1b1a09f799","0xb6c0bf3b83bc9ae4f6ed65a4f5f6c188eb3e4258d8d3b3705dff4ac02ed4a966","0x46ec47fa6a671313a5fb28ec3e44defc235c5bd7bd3e6130888ace918b6b5c2c","2","[200,200]"
"15","0","5272840","0xf0821f2BF570ca4e7499a9Ed9dB7C788FED9946f","PEEP","uniswap","2","0xe70dd15481ba143f145fbe23e8916236d554d3c7","BUY","0x0000000000000000000000000000000000000000","0xf0821f2BF570ca4e7499a9Ed9dB7C788FED9946f","500000000000000","2026-09-09T03:28:25.436Z","IDENTITY_READY","true","zero-x-swap","4663","25","0x0000000000000000000000000000000000000000","1250000000000","9900","10000","NOT_REACHED_UNFUNDED_WALLET","indicative","57865603150828389705930","FIRM_VERIFIED","insufficient_balance","0x1111111111111111111111111111111111111111","57292733679635188641970","0x0000000000001fF3684f28c67538d4D072C22734","0x0000000000001fF3684f28c67538d4D072C22734","0x39b38686A19836Ac10162c490E4558e120CbBE5f","0x99f5e8edaceacfdd183eb5f1da8a7757b322495b80cf7928db289a1b1a09f799","0xb6c0bf3b83bc9ae4f6ed65a4f5f6c188eb3e4258d8d3b3705dff4ac02ed4a966","0x5488e1cca5aad1098f88b218286809104809d95a8306c639158c122f1d84be5b","2","[200,200]"
"15","0","5272840","0xf0821f2BF570ca4e7499a9Ed9dB7C788FED9946f","PEEP","uniswap","2","0xe70dd15481ba143f145fbe23e8916236d554d3c7","SELL","0xf0821f2BF570ca4e7499a9Ed9dB7C788FED9946f","0x0000000000000000000000000000000000000000","57865603150828389705930","2026-09-09T03:28:26.972Z","IDENTITY_READY","true","zero-x-swap","4663","25","0xf0821f2BF570ca4e7499a9Ed9dB7C788FED9946f","144664007877070974265","9900","10000","NOT_REACHED_UNFUNDED_WALLET","indicative","492904631071920","FIRM_VERIFIED","insufficient_balance","0x1111111111111111111111111111111111111111","488017544594592","0x0000000000001fF3684f28c67538d4D072C22734","0x0000000000001fF3684f28c67538d4D072C22734","0x39b38686A19836Ac10162c490E4558e120CbBE5f","0x99f5e8edaceacfdd183eb5f1da8a7757b322495b80cf7928db289a1b1a09f799","0xb6c0bf3b83bc9ae4f6ed65a4f5f6c188eb3e4258d8d3b3705dff4ac02ed4a966","0x53f0bf478947413e7307144c66aefb8f4a41ed1bf485481820cb1f66071cae48","2","[200,200]"
"15","0","5272840","0xf0821f2BF570ca4e7499a9Ed9dB7C788FED9946f","PEEP","uniswap","2","0xe70dd15481ba143f145fbe23e8916236d554d3c7","BUY","0x5fc5360D0400a0Fd4f2af552ADD042D716F1d168","0xf0821f2BF570ca4e7499a9Ed9dB7C788FED9946f","1000000","2026-09-09T03:28:28.520Z","IDENTITY_READY","true","zero-x-swap","4663","25","0x5fc5360D0400a0Fd4f2af552ADD042D716F1d168","2500","9900","10000","NOT_REACHED_UNFUNDED_WALLET","indicative","46498667611230676166107","FIRM_VERIFIED","insufficient_balance","0x1111111111111111111111111111111111111111","46038330801879492466016","0x0000000000001fF3684f28c67538d4D072C22734","0x0000000000001fF3684f28c67538d4D072C22734","0x39b38686A19836Ac10162c490E4558e120CbBE5f","0x99f5e8edaceacfdd183eb5f1da8a7757b322495b80cf7928db289a1b1a09f799","0xb6c0bf3b83bc9ae4f6ed65a4f5f6c188eb3e4258d8d3b3705dff4ac02ed4a966","0xdeef5624b0451b5437caa6c7cda1e43361bb3094b803aa9a9a6cd0f8d27e953c","2","[200,200]"
"15","0","5272840","0xf0821f2BF570ca4e7499a9Ed9dB7C788FED9946f","PEEP","uniswap","2","0xe70dd15481ba143f145fbe23e8916236d554d3c7","SELL","0xf0821f2BF570ca4e7499a9Ed9dB7C788FED9946f","0x5fc5360D0400a0Fd4f2af552ADD042D716F1d168","46498667611230676166107","2026-09-09T03:28:30.277Z","IDENTITY_READY","true","zero-x-swap","4663","25","0xf0821f2BF570ca4e7499a9Ed9dB7C788FED9946f","116246669028076690415","9900","10000","NOT_REACHED_UNFUNDED_WALLET","indicative","984704","FIRM_VERIFIED","insufficient_balance","0x1111111111111111111111111111111111111111","975002","0x0000000000001fF3684f28c67538d4D072C22734","0x0000000000001fF3684f28c67538d4D072C22734","0x39b38686A19836Ac10162c490E4558e120CbBE5f","0x99f5e8edaceacfdd183eb5f1da8a7757b322495b80cf7928db289a1b1a09f799","0xb6c0bf3b83bc9ae4f6ed65a4f5f6c188eb3e4258d8d3b3705dff4ac02ed4a966","0x3349400c7f2cefdb286140aaabd282e8808e81838200e82f6cda10cb579f1fee","2","[200,200]"
"16","0","5272840","0xf0821f2BF570ca4e7499a9Ed9dB7C788FED9946f","PEEP","uniswap","2","0xe70dd15481ba143f145fbe23e8916236d554d3c7","BUY","0x0000000000000000000000000000000000000000","0xf0821f2BF570ca4e7499a9Ed9dB7C788FED9946f","500000000000000","2026-09-09T03:28:36.404Z","IDENTITY_READY","true","zero-x-swap","4663","25","0x0000000000000000000000000000000000000000","1250000000000","9900","10000","NOT_REACHED_UNFUNDED_WALLET","indicative","57865603150828389705930","FIRM_VERIFIED","insufficient_balance","0x1111111111111111111111111111111111111111","57292733679635188641970","0x0000000000001fF3684f28c67538d4D072C22734","0x0000000000001fF3684f28c67538d4D072C22734","0x39b38686A19836Ac10162c490E4558e120CbBE5f","0x99f5e8edaceacfdd183eb5f1da8a7757b322495b80cf7928db289a1b1a09f799","0xb6c0bf3b83bc9ae4f6ed65a4f5f6c188eb3e4258d8d3b3705dff4ac02ed4a966","0x8843a5b0c1113d19890027d94940cbbd7ffd173c42cab5622eee1f3ad5db9de3","2","[200,200]"
"16","0","5272840","0xf0821f2BF570ca4e7499a9Ed9dB7C788FED9946f","PEEP","uniswap","2","0xe70dd15481ba143f145fbe23e8916236d554d3c7","SELL","0xf0821f2BF570ca4e7499a9Ed9dB7C788FED9946f","0x0000000000000000000000000000000000000000","57865603150828389705930","2026-09-09T03:28:37.959Z","IDENTITY_READY","true","zero-x-swap","4663","25","0xf0821f2BF570ca4e7499a9Ed9dB7C788FED9946f","144664007877070974265","9900","10000","NOT_REACHED_UNFUNDED_WALLET","indicative","492904631071920","FIRM_VERIFIED","insufficient_balance","0x1111111111111111111111111111111111111111","488017544594592","0x0000000000001fF3684f28c67538d4D072C22734","0x0000000000001fF3684f28c67538d4D072C22734","0x39b38686A19836Ac10162c490E4558e120CbBE5f","0x99f5e8edaceacfdd183eb5f1da8a7757b322495b80cf7928db289a1b1a09f799","0xb6c0bf3b83bc9ae4f6ed65a4f5f6c188eb3e4258d8d3b3705dff4ac02ed4a966","0x4f1df22a31ea0f39f148e742867e85df08f893b4ffc58ab416e2fd8f8cbf46b7","2","[200,200]"
"16","0","5272840","0xf0821f2BF570ca4e7499a9Ed9dB7C788FED9946f","PEEP","uniswap","2","0xe70dd15481ba143f145fbe23e8916236d554d3c7","BUY","0x5fc5360D0400a0Fd4f2af552ADD042D716F1d168","0xf0821f2BF570ca4e7499a9Ed9dB7C788FED9946f","1000000","2026-09-09T03:28:39.534Z","IDENTITY_READY","true","zero-x-swap","4663","25","0x5fc5360D0400a0Fd4f2af552ADD042D716F1d168","2500","9900","10000","NOT_REACHED_UNFUNDED_WALLET","indicative","46498667611230676166107","FIRM_VERIFIED","insufficient_balance","0x1111111111111111111111111111111111111111","46038330801879492466016","0x0000000000001fF3684f28c67538d4D072C22734","0x0000000000001fF3684f28c67538d4D072C22734","0x39b38686A19836Ac10162c490E4558e120CbBE5f","0x99f5e8edaceacfdd183eb5f1da8a7757b322495b80cf7928db289a1b1a09f799","0xb6c0bf3b83bc9ae4f6ed65a4f5f6c188eb3e4258d8d3b3705dff4ac02ed4a966","0x8c716070f2786ec690fae33881a5c57a27cc6f6dcb9e3f8cd9490a63641acec2","2","[200,200]"
"16","0","5272840","0xf0821f2BF570ca4e7499a9Ed9dB7C788FED9946f","PEEP","uniswap","2","0xe70dd15481ba143f145fbe23e8916236d554d3c7","SELL","0xf0821f2BF570ca4e7499a9Ed9dB7C788FED9946f","0x5fc5360D0400a0Fd4f2af552ADD042D716F1d168","46498667611230676166107","2026-09-09T03:28:41.318Z","IDENTITY_READY","true","zero-x-swap","4663","25","0xf0821f2BF570ca4e7499a9Ed9dB7C788FED9946f","116246669028076690415","9900","10000","NOT_REACHED_UNFUNDED_WALLET","indicative","984606","FIRM_VERIFIED","insufficient_balance","0x1111111111111111111111111111111111111111","974904","0x0000000000001fF3684f28c67538d4D072C22734","0x0000000000001fF3684f28c67538d4D072C22734","0x39b38686A19836Ac10162c490E4558e120CbBE5f","0x99f5e8edaceacfdd183eb5f1da8a7757b322495b80cf7928db289a1b1a09f799","0xb6c0bf3b83bc9ae4f6ed65a4f5f6c188eb3e4258d8d3b3705dff4ac02ed4a966","0x48dfd168622ac7a41ff7a2fbd75ee19b00ee0e0c08545a960fe40c5e168c44f5","2","[200,200]"
"17","0","5272840","0xf0821f2BF570ca4e7499a9Ed9dB7C788FED9946f","PEEP","uniswap","2","0xe70dd15481ba143f145fbe23e8916236d554d3c7","BUY","0x0000000000000000000000000000000000000000","0xf0821f2BF570ca4e7499a9Ed9dB7C788FED9946f","500000000000000","2026-09-09T03:28:47.243Z","IDENTITY_READY","true","zero-x-swap","4663","25","0x0000000000000000000000000000000000000000","1250000000000","9900","10000","NOT_REACHED_UNFUNDED_WALLET","indicative","57865603150828389705930","FIRM_VERIFIED","insufficient_balance","0x1111111111111111111111111111111111111111","57292733679635188641970","0x0000000000001fF3684f28c67538d4D072C22734","0x0000000000001fF3684f28c67538d4D072C22734","0x39b38686A19836Ac10162c490E4558e120CbBE5f","0x99f5e8edaceacfdd183eb5f1da8a7757b322495b80cf7928db289a1b1a09f799","0xb6c0bf3b83bc9ae4f6ed65a4f5f6c188eb3e4258d8d3b3705dff4ac02ed4a966","0x58869d304e873af394fd30cf03e916631db7f4fe16f91af217ce18082f4f73f5","2","[200,200]"
"17","0","5272840","0xf0821f2BF570ca4e7499a9Ed9dB7C788FED9946f","PEEP","uniswap","2","0xe70dd15481ba143f145fbe23e8916236d554d3c7","SELL","0xf0821f2BF570ca4e7499a9Ed9dB7C788FED9946f","0x0000000000000000000000000000000000000000","57865603150828389705930","2026-09-09T03:28:48.774Z","IDENTITY_READY","true","zero-x-swap","4663","25","0xf0821f2BF570ca4e7499a9Ed9dB7C788FED9946f","144664007877070974265","9900","10000","NOT_REACHED_UNFUNDED_WALLET","indicative","492904631071920","FIRM_VERIFIED","insufficient_balance","0x1111111111111111111111111111111111111111","488017544594592","0x0000000000001fF3684f28c67538d4D072C22734","0x0000000000001fF3684f28c67538d4D072C22734","0x39b38686A19836Ac10162c490E4558e120CbBE5f","0x99f5e8edaceacfdd183eb5f1da8a7757b322495b80cf7928db289a1b1a09f799","0xb6c0bf3b83bc9ae4f6ed65a4f5f6c188eb3e4258d8d3b3705dff4ac02ed4a966","0x44a779af9bba351d4e8a8c266c6d422e7019eb9e858cbbdf150443e277af6135","2","[200,200]"
"17","0","5272840","0xf0821f2BF570ca4e7499a9Ed9dB7C788FED9946f","PEEP","uniswap","2","0xe70dd15481ba143f145fbe23e8916236d554d3c7","BUY","0x5fc5360D0400a0Fd4f2af552ADD042D716F1d168","0xf0821f2BF570ca4e7499a9Ed9dB7C788FED9946f","1000000","2026-09-09T03:28:50.313Z","IDENTITY_READY","true","zero-x-swap","4663","25","0x5fc5360D0400a0Fd4f2af552ADD042D716F1d168","2500","9900","10000","NOT_REACHED_UNFUNDED_WALLET","indicative","46501289048467988232235","FIRM_VERIFIED","insufficient_balance","0x1111111111111111111111111111111111111111","46040926286888155146523","0x0000000000001fF3684f28c67538d4D072C22734","0x0000000000001fF3684f28c67538d4D072C22734","0x39b38686A19836Ac10162c490E4558e120CbBE5f","0x99f5e8edaceacfdd183eb5f1da8a7757b322495b80cf7928db289a1b1a09f799","0xb6c0bf3b83bc9ae4f6ed65a4f5f6c188eb3e4258d8d3b3705dff4ac02ed4a966","0xb6566570c6c8952234879e2361a2d07e4ca97724f95ac38a12e95069e7a71c2b","2","[200,200]"
"17","0","5272840","0xf0821f2BF570ca4e7499a9Ed9dB7C788FED9946f","PEEP","uniswap","2","0xe70dd15481ba143f145fbe23e8916236d554d3c7","SELL","0xf0821f2BF570ca4e7499a9Ed9dB7C788FED9946f","0x5fc5360D0400a0Fd4f2af552ADD042D716F1d168","46501289048467988232235","2026-09-09T03:28:53.345Z","IDENTITY_READY","true","zero-x-swap","4663","25","0xf0821f2BF570ca4e7499a9Ed9dB7C788FED9946f","116253222621169970581","9900","10000","NOT_REACHED_UNFUNDED_WALLET","indicative","984900","FIRM_VERIFIED","insufficient_balance","0x1111111111111111111111111111111111111111","975100","0x0000000000001fF3684f28c67538d4D072C22734","0x0000000000001fF3684f28c67538d4D072C22734","0x39b38686A19836Ac10162c490E4558e120CbBE5f","0x99f5e8edaceacfdd183eb5f1da8a7757b322495b80cf7928db289a1b1a09f799","0xb6c0bf3b83bc9ae4f6ed65a4f5f6c188eb3e4258d8d3b3705dff4ac02ed4a966","0x5d178adb14031a2147f5d61926d7a6afa8c225faf6709833496c075600105a24","2","[200,200]"
"18","0","5272840","0xf0821f2BF570ca4e7499a9Ed9dB7C788FED9946f","PEEP","uniswap","2","0xe70dd15481ba143f145fbe23e8916236d554d3c7","BUY","0x0000000000000000000000000000000000000000","0xf0821f2BF570ca4e7499a9Ed9dB7C788FED9946f","500000000000000","2026-09-09T03:28:59.635Z","IDENTITY_READY","true","zero-x-swap","4663","25","0x0000000000000000000000000000000000000000","1250000000000","9900","10000","NOT_REACHED_UNFUNDED_WALLET","indicative","57865603150828389705930","FIRM_VERIFIED","insufficient_balance","0x1111111111111111111111111111111111111111","57292733679635188641970","0x0000000000001fF3684f28c67538d4D072C22734","0x0000000000001fF3684f28c67538d4D072C22734","0x39b38686A19836Ac10162c490E4558e120CbBE5f","0x99f5e8edaceacfdd183eb5f1da8a7757b322495b80cf7928db289a1b1a09f799","0xb6c0bf3b83bc9ae4f6ed65a4f5f6c188eb3e4258d8d3b3705dff4ac02ed4a966","0x95e93766f0a2a58ff96eb89a9834760012f08c55ff6fcf4b24acb2b00cc51028","2","[200,200]"
"18","0","5272840","0xf0821f2BF570ca4e7499a9Ed9dB7C788FED9946f","PEEP","uniswap","2","0xe70dd15481ba143f145fbe23e8916236d554d3c7","SELL","0xf0821f2BF570ca4e7499a9Ed9dB7C788FED9946f","0x0000000000000000000000000000000000000000","57865603150828389705930","2026-09-09T03:29:01.273Z","IDENTITY_READY","true","zero-x-swap","4663","25","0xf0821f2BF570ca4e7499a9Ed9dB7C788FED9946f","144664007877070974265","9900","10000","NOT_REACHED_UNFUNDED_WALLET","indicative","492904631071920","FIRM_VERIFIED","insufficient_balance","0x1111111111111111111111111111111111111111","488017544594592","0x0000000000001fF3684f28c67538d4D072C22734","0x0000000000001fF3684f28c67538d4D072C22734","0x39b38686A19836Ac10162c490E4558e120CbBE5f","0x99f5e8edaceacfdd183eb5f1da8a7757b322495b80cf7928db289a1b1a09f799","0xb6c0bf3b83bc9ae4f6ed65a4f5f6c188eb3e4258d8d3b3705dff4ac02ed4a966","0xe52e72a8520c24bf49e56cb3733a26cf2043943f1c6e9072e01ec085cb5de4eb","2","[200,200]"
"18","0","5272840","0xf0821f2BF570ca4e7499a9Ed9dB7C788FED9946f","PEEP","uniswap","2","0xe70dd15481ba143f145fbe23e8916236d554d3c7","BUY","0x5fc5360D0400a0Fd4f2af552ADD042D716F1d168","0xf0821f2BF570ca4e7499a9Ed9dB7C788FED9946f","1000000","2026-09-09T03:29:02.830Z","IDENTITY_READY","true","zero-x-swap","4663","25","0x5fc5360D0400a0Fd4f2af552ADD042D716F1d168","2500","9900","10000","NOT_REACHED_UNFUNDED_WALLET","indicative","46501289048467988232235","FIRM_VERIFIED","insufficient_balance","0x1111111111111111111111111111111111111111","46040926286888155146523","0x0000000000001fF3684f28c67538d4D072C22734","0x0000000000001fF3684f28c67538d4D072C22734","0x39b38686A19836Ac10162c490E4558e120CbBE5f","0x99f5e8edaceacfdd183eb5f1da8a7757b322495b80cf7928db289a1b1a09f799","0xb6c0bf3b83bc9ae4f6ed65a4f5f6c188eb3e4258d8d3b3705dff4ac02ed4a966","0xd5102fcf1f41ab3d407d5723de9c7e7d86d6646712f0fd5aaf9eb535f16182d4","2","[200,200]"
"18","0","5272840","0xf0821f2BF570ca4e7499a9Ed9dB7C788FED9946f","PEEP","uniswap","2","0xe70dd15481ba143f145fbe23e8916236d554d3c7","SELL","0xf0821f2BF570ca4e7499a9Ed9dB7C788FED9946f","0x5fc5360D0400a0Fd4f2af552ADD042D716F1d168","46501289048467988232235","2026-09-09T03:29:07.362Z","IDENTITY_UNAVAILABLE","false","zero-x-swap","4663","25","0xf0821f2BF570ca4e7499a9Ed9dB7C788FED9946f","116253222621169970581","9900","10000","NOT_REACHED","","","IDENTITY_UNAVAILABLE","","","","","","","","","","0","[]"
"19","0","5272840","0xf0821f2BF570ca4e7499a9Ed9dB7C788FED9946f","PEEP","uniswap","2","0xe70dd15481ba143f145fbe23e8916236d554d3c7","BUY","0x0000000000000000000000000000000000000000","0xf0821f2BF570ca4e7499a9Ed9dB7C788FED9946f","500000000000000","2026-09-09T03:29:11.558Z","IDENTITY_READY","true","zero-x-swap","4663","25","0x0000000000000000000000000000000000000000","1250000000000","9900","10000","NOT_REACHED_UNFUNDED_WALLET","indicative","57865603150828389705930","FIRM_VERIFIED","insufficient_balance","0x1111111111111111111111111111111111111111","57292733679635188641970","0x0000000000001fF3684f28c67538d4D072C22734","0x0000000000001fF3684f28c67538d4D072C22734","0x39b38686A19836Ac10162c490E4558e120CbBE5f","0x99f5e8edaceacfdd183eb5f1da8a7757b322495b80cf7928db289a1b1a09f799","0xb6c0bf3b83bc9ae4f6ed65a4f5f6c188eb3e4258d8d3b3705dff4ac02ed4a966","0xdc72531536210883c733b6036e69811d3d2655f41fe278905d4e2b8769f1a91d","2","[200,200]"
"19","0","5272840","0xf0821f2BF570ca4e7499a9Ed9dB7C788FED9946f","PEEP","uniswap","2","0xe70dd15481ba143f145fbe23e8916236d554d3c7","SELL","0xf0821f2BF570ca4e7499a9Ed9dB7C788FED9946f","0x0000000000000000000000000000000000000000","57865603150828389705930","2026-09-09T03:29:14.660Z","IDENTITY_READY","true","zero-x-swap","4663","25","0xf0821f2BF570ca4e7499a9Ed9dB7C788FED9946f","144664007877070974265","9900","10000","NOT_REACHED_UNFUNDED_WALLET","indicative","492904631071920","FIRM_VERIFIED","insufficient_balance","0x1111111111111111111111111111111111111111","488017544594592","0x0000000000001fF3684f28c67538d4D072C22734","0x0000000000001fF3684f28c67538d4D072C22734","0x39b38686A19836Ac10162c490E4558e120CbBE5f","0x99f5e8edaceacfdd183eb5f1da8a7757b322495b80cf7928db289a1b1a09f799","0xb6c0bf3b83bc9ae4f6ed65a4f5f6c188eb3e4258d8d3b3705dff4ac02ed4a966","0x7397105353f313aa71b0a5bc79951405661ae187a58b3b4caee3bf80a9534d1c","2","[200,200]"
"19","0","5272840","0xf0821f2BF570ca4e7499a9Ed9dB7C788FED9946f","PEEP","uniswap","2","0xe70dd15481ba143f145fbe23e8916236d554d3c7","BUY","0x5fc5360D0400a0Fd4f2af552ADD042D716F1d168","0xf0821f2BF570ca4e7499a9Ed9dB7C788FED9946f","1000000","2026-09-09T03:29:17.196Z","IDENTITY_READY","true","zero-x-swap","4663","25","0x5fc5360D0400a0Fd4f2af552ADD042D716F1d168","2500","9900","10000","NOT_REACHED_UNFUNDED_WALLET","indicative","46519869380866124207974","FIRM_VERIFIED","insufficient_balance","0x1111111111111111111111111111111111111111","46059198045528167257369","0x0000000000001fF3684f28c67538d4D072C22734","0x0000000000001fF3684f28c67538d4D072C22734","0x39b38686A19836Ac10162c490E4558e120CbBE5f","0x99f5e8edaceacfdd183eb5f1da8a7757b322495b80cf7928db289a1b1a09f799","0xb6c0bf3b83bc9ae4f6ed65a4f5f6c188eb3e4258d8d3b3705dff4ac02ed4a966","0x7b725c888e01808ae91f269c7489ac4720f2dd4513f73df67ca9786038e20619","2","[200,200]"
"19","0","5272840","0xf0821f2BF570ca4e7499a9Ed9dB7C788FED9946f","PEEP","uniswap","2","0xe70dd15481ba143f145fbe23e8916236d554d3c7","SELL","0xf0821f2BF570ca4e7499a9Ed9dB7C788FED9946f","0x5fc5360D0400a0Fd4f2af552ADD042D716F1d168","46519869380866124207974","2026-09-09T03:29:19.103Z","IDENTITY_READY","true","zero-x-swap","4663","25","0xf0821f2BF570ca4e7499a9Ed9dB7C788FED9946f","116299673452165310520","9900","10000","NOT_REACHED_UNFUNDED_WALLET","indicative","985292","FIRM_VERIFIED","insufficient_balance","0x1111111111111111111111111111111111111111","975492","0x0000000000001fF3684f28c67538d4D072C22734","0x0000000000001fF3684f28c67538d4D072C22734","0x39b38686A19836Ac10162c490E4558e120CbBE5f","0x99f5e8edaceacfdd183eb5f1da8a7757b322495b80cf7928db289a1b1a09f799","0xb6c0bf3b83bc9ae4f6ed65a4f5f6c188eb3e4258d8d3b3705dff4ac02ed4a966","0xbc101deda187dfefb11455a7709a1cdc54936dd29a8ecc4159cd47264dce7c11","2","[200,200]"
"20","0","5272840","0xf0821f2BF570ca4e7499a9Ed9dB7C788FED9946f","PEEP","uniswap","2","0xe70dd15481ba143f145fbe23e8916236d554d3c7","BUY","0x0000000000000000000000000000000000000000","0xf0821f2BF570ca4e7499a9Ed9dB7C788FED9946f","500000000000000","2026-09-09T03:29:24.506Z","IDENTITY_READY","true","zero-x-swap","4663","25","0x0000000000000000000000000000000000000000","1250000000000","9900","10000","NOT_REACHED_UNFUNDED_WALLET","indicative","57865603150828389705930","FIRM_VERIFIED","insufficient_balance","0x1111111111111111111111111111111111111111","57292733679635188641970","0x0000000000001fF3684f28c67538d4D072C22734","0x0000000000001fF3684f28c67538d4D072C22734","0x39b38686A19836Ac10162c490E4558e120CbBE5f","0x99f5e8edaceacfdd183eb5f1da8a7757b322495b80cf7928db289a1b1a09f799","0xb6c0bf3b83bc9ae4f6ed65a4f5f6c188eb3e4258d8d3b3705dff4ac02ed4a966","0xee21cb73a5667ea2b20c93bf430dc2e81442371c9664748a53351e2dcd0a9296","2","[200,200]"
"20","0","5272840","0xf0821f2BF570ca4e7499a9Ed9dB7C788FED9946f","PEEP","uniswap","2","0xe70dd15481ba143f145fbe23e8916236d554d3c7","SELL","0xf0821f2BF570ca4e7499a9Ed9dB7C788FED9946f","0x0000000000000000000000000000000000000000","57865603150828389705930","2026-09-09T03:29:27.293Z","IDENTITY_READY","true","zero-x-swap","4663","25","0xf0821f2BF570ca4e7499a9Ed9dB7C788FED9946f","144664007877070974265","9900","10000","NOT_REACHED_UNFUNDED_WALLET","indicative","492904631071920","FIRM_VERIFIED","insufficient_balance","0x1111111111111111111111111111111111111111","488017544594592","0x0000000000001fF3684f28c67538d4D072C22734","0x0000000000001fF3684f28c67538d4D072C22734","0x39b38686A19836Ac10162c490E4558e120CbBE5f","0x99f5e8edaceacfdd183eb5f1da8a7757b322495b80cf7928db289a1b1a09f799","0xb6c0bf3b83bc9ae4f6ed65a4f5f6c188eb3e4258d8d3b3705dff4ac02ed4a966","0x6dfc2cd94ceac31f3e172c73f1bebeb972ac686d2e399222d28a20436abcda8e","2","[200,200]"
"20","0","5272840","0xf0821f2BF570ca4e7499a9Ed9dB7C788FED9946f","PEEP","uniswap","2","0xe70dd15481ba143f145fbe23e8916236d554d3c7","BUY","0x5fc5360D0400a0Fd4f2af552ADD042D716F1d168","0xf0821f2BF570ca4e7499a9Ed9dB7C788FED9946f","1000000","2026-09-09T03:29:28.873Z","IDENTITY_READY","true","zero-x-swap","4663","25","0x5fc5360D0400a0Fd4f2af552ADD042D716F1d168","2500","9900","10000","NOT_REACHED_UNFUNDED_WALLET","indicative","46519165653248083240765","FIRM_VERIFIED","insufficient_balance","0x1111111111111111111111111111111111111111","46058432409511243926873","0x0000000000001fF3684f28c67538d4D072C22734","0x0000000000001fF3684f28c67538d4D072C22734","0x39b38686A19836Ac10162c490E4558e120CbBE5f","0x99f5e8edaceacfdd183eb5f1da8a7757b322495b80cf7928db289a1b1a09f799","0xb6c0bf3b83bc9ae4f6ed65a4f5f6c188eb3e4258d8d3b3705dff4ac02ed4a966","0x6f2e28139204adb71d37397e6b258fbbab01201dc7c79f8f867a645586ec9791","2","[200,200]"
"20","0","5272840","0xf0821f2BF570ca4e7499a9Ed9dB7C788FED9946f","PEEP","uniswap","2","0xe70dd15481ba143f145fbe23e8916236d554d3c7","SELL","0xf0821f2BF570ca4e7499a9Ed9dB7C788FED9946f","0x5fc5360D0400a0Fd4f2af552ADD042D716F1d168","46519165653248083240765","2026-09-09T03:29:30.668Z","IDENTITY_READY","true","zero-x-swap","4663","25","0xf0821f2BF570ca4e7499a9Ed9dB7C788FED9946f","116297914133120208102","9900","10000","NOT_REACHED_UNFUNDED_WALLET","indicative","985194","FIRM_VERIFIED","insufficient_balance","0x1111111111111111111111111111111111111111","975492","0x0000000000001fF3684f28c67538d4D072C22734","0x0000000000001fF3684f28c67538d4D072C22734","0x39b38686A19836Ac10162c490E4558e120CbBE5f","0x99f5e8edaceacfdd183eb5f1da8a7757b322495b80cf7928db289a1b1a09f799","0xb6c0bf3b83bc9ae4f6ed65a4f5f6c188eb3e4258d8d3b3705dff4ac02ed4a966","0xf61b638ef09292a7c18d5684356ceae1a6397fb9862634e1b8905de1bc96562f","2","[200,200]"
